name,size,modified
BF263.tif,225330.7 kb,"Thu, 02 Oct 2008 18:46:54 GMT"
01.08.29.tif,52680.0 kb,"Thu, 29 Sep 2011 00:29:44 GMT"
01.08.20.tif,96708.2 kb,"Mon, 06 Jun 2011 17:48:01 GMT"
BF371.tif,199448.6 kb,"Tue, 21 Oct 2008 17:59:06 GMT"
BF1056b.tif,121696.6 kb,"Wed, 03 Dec 2008 16:14:34 GMT"
BF1195.tif,213238.0 kb,"Thu, 13 Nov 2008 16:49:10 GMT"
BF665.tif,236657.6 kb,"Tue, 19 Jun 2007 20:33:32 GMT"
BF390.tif,195230.7 kb,"Mon, 06 Oct 2008 19:27:36 GMT"
BF711.tif,177074.6 kb,"Thu, 04 Sep 2008 14:12:06 GMT"
BF978.tif,149033.4 kb,"Wed, 06 Jun 2007 15:02:54 GMT"
BF988.tif,183103.8 kb,"Tue, 05 Jun 2007 20:30:42 GMT"
BF382.tif,715727.6 kb,"Mon, 17 Dec 2007 16:15:52 GMT"
BF883.tif,106946.0 kb,"Mon, 29 Sep 2008 18:44:46 GMT"
BF443.tif,201790.6 kb,"Thu, 18 Sep 2008 17:19:34 GMT"
BF1006.tif,166692.8 kb,"Tue, 21 Oct 2008 18:51:20 GMT"
BF225.tif,208754.8 kb,"Wed, 31 Oct 2007 20:00:06 GMT"
BF142.tif,204388.0 kb,"Tue, 30 Oct 2007 15:44:12 GMT"
BF1092.tif,191438.4 kb,"Mon, 05 Nov 2007 17:31:48 GMT"
BF380.tif,42091.8 kb,"Fri, 10 Dec 2010 16:44:55 GMT"
A129.tif,117249.6 kb,"Wed, 30 May 2012 19:20:51 GMT"
BF960.tif,213560.4 kb,"Tue, 21 Oct 2008 14:45:58 GMT"
BF946.tif,237378.1 kb,"Tue, 29 May 2007 15:43:10 GMT"
BF2538.tif,250553.4 kb,"Wed, 30 May 2007 16:02:48 GMT"
BF277.tif,154397.7 kb,"Mon, 20 Oct 2008 14:26:58 GMT"
BF481.tif,210887.1 kb,"Mon, 25 Jun 2007 16:35:06 GMT"
01.07.58a.tif,50906.1 kb,"Fri, 23 Apr 2010 13:51:18 GMT"
01.07.58b.tif,50650.2 kb,"Fri, 23 Apr 2010 13:51:36 GMT"
01.23.29a.tif,44077.8 kb,"Thu, 29 Apr 2010 18:29:24 GMT"
01.23.29b.tif,38328.9 kb,"Thu, 29 Apr 2010 18:29:13 GMT"
01.19.37a.tif,64568.4 kb,"Thu, 24 Mar 2011 18:08:59 GMT"
01.19.37b.tif,73499.7 kb,"Thu, 24 Mar 2011 18:03:02 GMT"
01.19.12a.tif,64021.4 kb,"Thu, 24 Mar 2011 18:18:28 GMT"
01.19.12b.tif,78351.6 kb,"Thu, 24 Mar 2011 18:14:49 GMT"
01.19.74a.tif,119158.6 kb,"Fri, 03 Dec 2010 15:11:35 GMT"
01.19.74b.tif,118880.8 kb,"Fri, 03 Dec 2010 15:13:40 GMT"
01.14.68a.tif,100835.3 kb,"Wed, 05 Jan 2011 16:45:29 GMT"
01.14.68b.tif,109819.8 kb,"Wed, 05 Jan 2011 16:40:23 GMT"
01.18.04a.tif,75229.3 kb,"Wed, 05 Jan 2011 16:38:29 GMT"
01.18.04b.tif,82861.4 kb,"Wed, 05 Jan 2011 16:30:01 GMT"
01.14.32a.tif,97887.5 kb,"Mon, 29 Nov 2010 14:17:51 GMT"
01.14.32b.tif,79509.4 kb,"Mon, 29 Nov 2010 14:18:40 GMT"
BF921.tif,192139.4 kb,"Thu, 25 Oct 2007 19:46:04 GMT"
BF932.tif,220521.5 kb,"Mon, 03 Dec 2007 20:41:46 GMT"
BF531.tif,165676.6 kb,"Wed, 05 Dec 2007 20:22:42 GMT"
BF1167.tif,119484.1 kb,"Thu, 25 Oct 2007 15:07:56 GMT"
BF558.tif,182522.9 kb,"Tue, 28 Oct 2008 15:23:36 GMT"
A118.tif,85877.0 kb,"Wed, 30 May 2012 19:21:19 GMT"
BF117.tif,199449.2 kb,"Wed, 17 Sep 2008 12:50:36 GMT"
BF729.tif,182160.3 kb,"Wed, 22 Oct 2008 18:59:10 GMT"
BF1065.tif,149549.7 kb,"Tue, 30 Sep 2008 19:38:30 GMT"
BF1066.tif,149651.6 kb,"Tue, 30 Sep 2008 19:50:54 GMT"
BF1063.tif,149308.0 kb,"Tue, 30 Sep 2008 19:01:24 GMT"
BF1064.tif,147266.1 kb,"Tue, 30 Sep 2008 19:16:50 GMT"
BF876.tif,95746.1 kb,"Mon, 22 Sep 2008 19:08:32 GMT"
BF8.tif,164815.4 kb,"Tue, 13 Nov 2007 19:59:34 GMT"
BF243.tif,143876.7 kb,"Wed, 24 Oct 2007 19:24:30 GMT"
BF52.tif,82915.8 kb,"Wed, 24 Oct 2007 14:33:30 GMT"
BF55.tif,184095.0 kb,"Wed, 24 Oct 2007 19:46:40 GMT"
BF152.tif,178243.3 kb,"Thu, 04 Sep 2008 14:02:44 GMT"
BF27.tif,193004.1 kb,"Wed, 31 Oct 2007 15:21:12 GMT"
BF17.tif,156816.9 kb,"Thu, 08 Nov 2007 16:37:58 GMT"
01.18.94.tif,103265.9 kb,"Mon, 11 Oct 2010 18:13:38 GMT"
BF1025.tif,228600.9 kb,"Thu, 18 Nov 2010 22:50:24 GMT"
BF1078.tif,217464.1 kb,"Tue, 07 Oct 2008 14:03:24 GMT"
BF1067.tif,209183.2 kb,"Mon, 24 Nov 2008 19:06:34 GMT"
01.06.08.tif,85947.3 kb,"Tue, 11 Jan 2011 15:00:04 GMT"
BF176.tif,47679.9 kb,"Fri, 10 Dec 2010 18:36:17 GMT"
BF1093.tif,188550.1 kb,"Mon, 05 Nov 2007 17:15:42 GMT"
BF2039.tif,37298.8 kb,"Tue, 26 Jan 2010 00:09:53 GMT"
BF741.tif,216337.7 kb,"Mon, 11 Jun 2007 16:03:12 GMT"
BF322.tif,219194.9 kb,"Mon, 04 Jun 2007 18:56:32 GMT"
BF177.tif,192792.7 kb,"Mon, 27 Oct 2008 19:00:52 GMT"
BF958.tif,139898.9 kb,"Tue, 25 Nov 2008 15:41:56 GMT"
BF933.tif,162585.0 kb,"Tue, 13 Nov 2007 17:42:36 GMT"
BF911.tif,193381.1 kb,"Mon, 08 Sep 2008 20:17:36 GMT"
BF76.tif,119227.3 kb,"Tue, 11 Dec 2007 21:37:30 GMT"
01.08.34.tif,41053.5 kb,"Thu, 29 Sep 2011 00:44:12 GMT"
BF2534.tif,193864.6 kb,"Wed, 22 Oct 2008 12:51:34 GMT"
BF2002.tif,45498.3 kb,"Fri, 10 Dec 2010 16:35:14 GMT"
01.18.88.tif,81353.0 kb,"Sat, 20 Nov 2010 13:43:45 GMT"
01.13.32.tif,50309.8 kb,"Wed, 05 May 2010 14:14:08 GMT"
01.17.17.tif,79332.7 kb,"Sat, 20 Nov 2010 13:49:45 GMT"
01.17.25.tif,79900.0 kb,"Sat, 20 Nov 2010 13:47:58 GMT"
A92.tif,90232.7 kb,"Fri, 03 Sep 2010 19:08:42 GMT"
A43.tif,93824.2 kb,"Fri, 03 Sep 2010 17:36:48 GMT"
BF800.tif,217236.1 kb,"Thu, 18 Sep 2008 14:59:48 GMT"
01.14.36.tif,40992.4 kb,"Thu, 29 Apr 2010 15:25:53 GMT"
BF688.tif,213632.8 kb,"Mon, 11 Jun 2007 19:33:58 GMT"
01.01.54.tif,81269.3 kb,"Tue, 27 Sep 2011 02:03:45 GMT"
01.01.56.tif,59190.3 kb,"Tue, 27 Sep 2011 02:15:50 GMT"
BF1183.tif,79026.6 kb,"Wed, 05 Jan 2011 16:25:05 GMT"
A201.tif,96487.4 kb,"Tue, 26 Jul 2011 07:07:13 GMT"
A236.tif,97782.5 kb,"Tue, 07 Dec 2010 19:06:12 GMT"
BF301.tif,194347.5 kb,"Tue, 06 Nov 2007 17:04:26 GMT"
BF71.tif,183176.3 kb,"Wed, 31 Oct 2007 16:42:02 GMT"
BF228.tif,203701.3 kb,"Tue, 04 Dec 2007 17:40:08 GMT"
BF28.tif,215000.7 kb,"Mon, 29 Oct 2007 20:41:36 GMT"
BF68.tif,201274.8 kb,"Tue, 13 Nov 2007 16:11:54 GMT"
BF217.tif,183087.6 kb,"Wed, 07 Nov 2007 20:33:10 GMT"
A232.tif,113556.2 kb,"Tue, 26 Jul 2011 14:21:26 GMT"
BF899.tif,751042.5 kb,"Tue, 18 Dec 2007 20:54:00 GMT"
BF1155.tif,163000.8 kb,"Thu, 04 Sep 2008 15:46:10 GMT"
BF284.tif,197747.8 kb,"Wed, 07 Nov 2007 17:20:12 GMT"
BF153.tif,198543.3 kb,"Thu, 04 Dec 2008 15:21:42 GMT"
BF1179.tif,177003.7 kb,"Thu, 04 Sep 2008 15:52:30 GMT"
BF945.tif,176167.4 kb,"Tue, 27 Nov 2007 16:17:56 GMT"
BF906.tif,215822.8 kb,"Tue, 09 Sep 2008 19:56:04 GMT"
BF901.tif,187983.9 kb,"Wed, 07 Nov 2007 16:20:56 GMT"
BF1042.tif,212262.5 kb,"Tue, 05 Jun 2007 16:54:52 GMT"
BF503.tif,202236.9 kb,"Thu, 31 May 2007 15:34:02 GMT"
BF723.tif,205694.7 kb,"Tue, 05 Jun 2007 16:23:04 GMT"
BF170.tif,190126.4 kb,"Tue, 29 May 2007 16:47:58 GMT"
BF2076.tif,222713.7 kb,"Mon, 04 Jun 2007 19:05:12 GMT"
BF116.tif,128135.1 kb,"Wed, 20 Jun 2007 18:50:12 GMT"
BF345.tif,224106.8 kb,"Mon, 04 Jun 2007 18:42:42 GMT"
BF557.tif,156899.8 kb,"Tue, 12 Jun 2007 19:27:12 GMT"
BF2077.tif,225107.8 kb,"Mon, 04 Jun 2007 19:15:20 GMT"
BF562.tif,204434.2 kb,"Wed, 27 Jun 2007 15:27:08 GMT"
BF175.tif,184760.4 kb,"Mon, 04 Jun 2007 15:14:48 GMT"
BF361.tif,108711.5 kb,"Thu, 25 Sep 2008 16:15:42 GMT"
01.18.91.tif,97596.1 kb,"Wed, 29 Sep 2010 14:37:01 GMT"
01.18.96.tif,94646.0 kb,"Wed, 29 Sep 2010 14:30:53 GMT"
BF9.tif,172386.1 kb,"Mon, 22 Apr 2013 14:41:10 GMT"
01.22.23.tif,41377.7 kb,"Thu, 29 Apr 2010 18:17:37 GMT"
01.04.09.tif,42596.1 kb,"Wed, 05 May 2010 13:38:59 GMT"
BF492.tif,210543.0 kb,"Mon, 25 Jun 2007 19:25:26 GMT"
BF491.tif,213982.1 kb,"Mon, 25 Jun 2007 19:33:28 GMT"
BF705.tif,461061.4 kb,"Mon, 11 Jun 2007 15:53:04 GMT"
BF708.tif,213397.2 kb,"Tue, 12 Jun 2007 14:39:06 GMT"
BF647.tif,209391.4 kb,"Tue, 12 Jun 2007 14:27:12 GMT"
BF648.tif,212248.2 kb,"Tue, 12 Jun 2007 14:59:50 GMT"
BF656.tif,211276.4 kb,"Tue, 12 Jun 2007 15:10:44 GMT"
BF649.tif,217148.5 kb,"Tue, 12 Jun 2007 14:49:44 GMT"
BF658.tif,210600.5 kb,"Tue, 12 Jun 2007 14:14:24 GMT"
01.11.27.tif,32864.9 kb,"Wed, 21 Apr 2010 19:42:50 GMT"
01.11.49.tif,54275.5 kb,"Wed, 21 Apr 2010 19:38:11 GMT"
01.11.50.tif,62483.0 kb,"Wed, 21 Apr 2010 19:41:12 GMT"
BF218.tif,172250.1 kb,"Thu, 04 Sep 2008 14:05:38 GMT"
BF34.tif,199161.6 kb,"Tue, 09 Sep 2008 19:10:16 GMT"
BF643.tif,243240.4 kb,"Tue, 12 Jun 2007 15:58:50 GMT"
BF1159.tif,114711.3 kb,"Sun, 03 Jul 2011 13:25:28 GMT"
BF1160.tif,89906.4 kb,"Sun, 03 Jul 2011 09:27:11 GMT"
BF2083.tif,107059.1 kb,"Sun, 03 Jul 2011 09:45:49 GMT"
BF716.tif,88059.8 kb,"Sun, 03 Jul 2011 13:41:44 GMT"
BF1165.tif,61237.5 kb,"Sun, 03 Jul 2011 09:41:59 GMT"
BF863.tif,208619.4 kb,"Wed, 08 Oct 2008 15:43:56 GMT"
BF418.tif,165962.6 kb,"Wed, 15 Oct 2008 15:01:46 GMT"
01.24.08.tif,173153.3 kb,"Mon, 08 Dec 2008 16:44:36 GMT"
BF185.tif,774843.0 kb,"Mon, 10 Dec 2007 20:22:36 GMT"
BF196.tif,197879.5 kb,"Thu, 18 Oct 2007 18:30:48 GMT"
BF679.tif,158353.5 kb,"Mon, 27 Oct 2008 18:10:46 GMT"
BF1139.tif,168403.2 kb,"Mon, 24 Nov 2008 15:19:00 GMT"
BF163.tif,194792.6 kb,"Wed, 07 Nov 2007 18:01:22 GMT"
01.19.42.tif,86159.0 kb,"Wed, 18 Aug 2010 00:31:53 GMT"
01.16.06.tif,86921.8 kb,"Mon, 27 Sep 2010 13:27:19 GMT"
01.14.57.tif,67776.5 kb,"Thu, 20 Jan 2011 02:24:31 GMT"
01.21.14.tif,82350.8 kb,"Thu, 19 Aug 2010 12:47:51 GMT"
01.21.23.tif,86899.7 kb,"Mon, 23 Aug 2010 15:08:28 GMT"
01.17.13.tif,74619.9 kb,"Sat, 28 Aug 2010 17:28:18 GMT"
01.08.11.tif,77464.6 kb,"Wed, 10 Nov 2010 14:44:47 GMT"
01.07.51.tif,86182.3 kb,"Tue, 11 Jan 2011 21:47:38 GMT"
01.18.32.tif,50805.6 kb,"Tue, 26 Jan 2010 22:02:07 GMT"
01.18.46.tif,48433.0 kb,"Tue, 26 Jan 2010 21:35:34 GMT"
BF7.tif,193995.0 kb,"Thu, 04 Sep 2008 14:21:26 GMT"
BF838.tif,192140.5 kb,"Wed, 31 Oct 2007 19:29:04 GMT"
BF548.tif,134983.8 kb,"Wed, 17 Oct 2007 15:52:18 GMT"
BF579.tif,203385.4 kb,"Mon, 24 Nov 2008 20:09:28 GMT"
BF125.tif,93253.8 kb,"Mon, 29 Sep 2008 19:41:58 GMT"
BF580.tif,182430.2 kb,"Tue, 25 Nov 2008 13:52:14 GMT"
BF33.tif,175586.2 kb,"Tue, 11 Dec 2007 20:39:20 GMT"
BF538.tif,205353.5 kb,"Tue, 27 Nov 2007 20:44:36 GMT"
A186.tif,36432.0 kb,"Fri, 11 Mar 2011 16:14:01 GMT"
A91.tif,78949.6 kb,"Fri, 29 Jul 2011 14:23:27 GMT"
01.02.01.tif,83524.7 kb,"Wed, 20 Jul 2011 19:02:36 GMT"
91.06.10.tif,349.6 kb,"Wed, 02 Jan 2002 16:04:56 GMT"
01.06.48.tif,99804.9 kb,"Tue, 26 Oct 2010 14:34:31 GMT"
01.18.62.tif,39059.7 kb,"Tue, 26 Jan 2010 22:11:38 GMT"
01.10.23.tif,37219.8 kb,"Thu, 29 Apr 2010 17:23:48 GMT"
BF102.tif,151798.1 kb,"Thu, 25 Oct 2007 15:24:28 GMT"
01.09.20.tif,53418.7 kb,"Thu, 29 Apr 2010 17:30:23 GMT"
BF369.tif,106113.2 kb,"Wed, 24 Sep 2008 20:42:54 GMT"
BF20.tif,186181.4 kb,"Thu, 04 Sep 2008 14:43:12 GMT"
01.05.24.tif,94484.4 kb,"Wed, 12 Jan 2011 19:53:38 GMT"
01.05.36.tif,92654.3 kb,"Wed, 12 Jan 2011 20:10:02 GMT"
01.21.27.tif,81263.2 kb,"Mon, 23 Aug 2010 18:26:03 GMT"
A361.tif,93451.9 kb,"Sat, 04 Sep 2010 15:11:54 GMT"
A362.tif,78187.7 kb,"Wed, 04 May 2011 11:24:51 GMT"
A400.tif,30889.4 kb,"Thu, 13 Oct 2011 01:05:11 GMT"
A398.tif,95399.5 kb,"Sat, 04 Sep 2010 17:43:33 GMT"
A393.tif,87879.0 kb,"Sat, 04 Sep 2010 17:50:39 GMT"
A61.tif,94596.5 kb,"Fri, 03 Sep 2010 18:21:25 GMT"
A166.tif,75515.8 kb,"Fri, 03 Sep 2010 20:12:35 GMT"
A37.tif,90333.3 kb,"Fri, 03 Sep 2010 13:30:43 GMT"
A190.tif,93044.0 kb,"Fri, 03 Sep 2010 19:44:45 GMT"
A88.tif,93279.9 kb,"Fri, 03 Sep 2010 19:11:55 GMT"
A40.tif,98605.8 kb,"Fri, 03 Sep 2010 17:40:26 GMT"
A32.tif,92963.7 kb,"Fri, 03 Sep 2010 13:36:32 GMT"
BF2501.tif,170617.3 kb,"Mon, 06 Oct 2008 15:31:40 GMT"
BF2078.tif,223788.7 kb,"Mon, 04 Jun 2007 17:07:38 GMT"
A135.tif,118473.3 kb,"Mon, 04 Apr 2011 14:42:43 GMT"
BF60.tif,101531.8 kb,"Wed, 24 Oct 2007 16:03:58 GMT"
BF31.tif,146917.5 kb,"Wed, 24 Oct 2007 18:17:32 GMT"
A348.tif,24445.6 kb,"Fri, 11 Mar 2011 16:45:40 GMT"
BF2073.tif,148421.0 kb,"Mon, 04 Jun 2007 14:59:32 GMT"
01.01.20.tif,112776.6 kb,"Wed, 29 Sep 2010 13:00:31 GMT"
BF574.tif,206735.0 kb,"Tue, 21 Oct 2008 12:47:56 GMT"
01.05.54.tif,93889.1 kb,"Wed, 12 Jan 2011 20:56:02 GMT"
01.23.20.tif,44655.2 kb,"Thu, 22 Apr 2010 02:26:17 GMT"
01.08.55.tif,41752.4 kb,"Wed, 05 May 2010 13:14:47 GMT"
01.08.42.tif,46024.8 kb,"Wed, 05 May 2010 13:16:37 GMT"
01.23.39.tif,48113.2 kb,"Thu, 22 Apr 2010 01:54:27 GMT"
01.11.52.tif,53007.5 kb,"Wed, 19 May 2010 17:22:52 GMT"
01.11.30.tif,62143.1 kb,"Wed, 19 May 2010 17:24:00 GMT"
01.18.116.tif,44672.9 kb,"Thu, 29 Apr 2010 18:08:12 GMT"
01.15.37.tif,88831.8 kb,"Sat, 20 Nov 2010 13:54:19 GMT"
01.15.26.tif,99441.9 kb,"Sat, 20 Nov 2010 13:57:19 GMT"
01.08.17a.tif,71153.5 kb,"Mon, 29 Nov 2010 13:47:46 GMT"
01.08.17b.tif,61796.4 kb,"Mon, 29 Nov 2010 13:44:20 GMT"
01.04.38a.tif,47534.8 kb,"Wed, 21 Apr 2010 18:37:02 GMT"
01.04.38b.tif,49572.3 kb,"Wed, 21 Apr 2010 18:36:33 GMT"
01.14.69a.tif,30320.9 kb,"Wed, 21 Apr 2010 22:52:30 GMT"
01.14.69b.tif,32689.7 kb,"Wed, 21 Apr 2010 22:49:43 GMT"
01.16.20a.tif,38107.2 kb,"Wed, 21 Apr 2010 20:25:42 GMT"
01.16.20b.tif,27791.6 kb,"Wed, 21 Apr 2010 20:25:33 GMT"
01.24.10a.tif,46861.3 kb,"Thu, 22 Apr 2010 01:17:34 GMT"
01.24.10b.tif,54045.1 kb,"Thu, 22 Apr 2010 01:51:28 GMT"
BF789.tif,180752.4 kb,"Wed, 10 Sep 2008 18:17:30 GMT"
A185.tif,104594.0 kb,"Thu, 24 Mar 2011 20:18:03 GMT"
A266.tif,120401.7 kb,"Sat, 26 Mar 2011 08:13:26 GMT"
BF918.tif,110463.4 kb,"Tue, 30 Oct 2007 14:46:04 GMT"
BF919.tif,110742.5 kb,"Tue, 30 Oct 2007 14:14:00 GMT"
BF1163.tif,104154.2 kb,"Sun, 03 Jul 2011 09:33:39 GMT"
01.18.35.tif,50592.5 kb,"Tue, 26 Jan 2010 21:31:55 GMT"
01.23.17.tif,45240.2 kb,"Wed, 19 May 2010 12:43:26 GMT"
BF372.tif,233637.6 kb,"Thu, 31 May 2007 18:00:22 GMT"
01.07.61.tif,42662.6 kb,"Fri, 23 Apr 2010 13:49:29 GMT"
01.07.63.tif,42800.6 kb,"Fri, 23 Apr 2010 13:48:47 GMT"
BF887.tif,206531.7 kb,"Mon, 25 Jun 2007 20:26:18 GMT"
01.02.09.tif,103980.5 kb,"Wed, 20 Jul 2011 08:18:28 GMT"
01.09.35.tif,79717.7 kb,"Wed, 20 Jul 2011 21:55:31 GMT"
01.15.34.tif,105223.3 kb,"Tue, 26 Jul 2011 16:38:52 GMT"
01.15.04.tif,45508.8 kb,"Wed, 19 May 2010 17:11:32 GMT"
01.15.13.tif,43649.5 kb,"Wed, 19 May 2010 17:08:00 GMT"
01.14.31.tif,107958.5 kb,"Mon, 27 Sep 2010 13:39:39 GMT"
01.22.21.tif,80474.5 kb,"Tue, 24 Aug 2010 12:12:54 GMT"
01.08.51.tif,42153.8 kb,"Sun, 06 Jun 2010 14:27:31 GMT"
01.23.49ab.tif,82424.5 kb,"Fri, 03 Dec 2010 14:55:20 GMT"
01.13.18.tif,84983.8 kb,"Wed, 20 Jul 2011 19:54:19 GMT"
BF242.tif,196902.0 kb,"Wed, 28 Nov 2007 21:39:00 GMT"
BF554.tif,186233.3 kb,"Tue, 25 Nov 2008 14:55:12 GMT"
BF51.tif,200819.4 kb,"Wed, 05 Dec 2007 17:50:22 GMT"
BF128.tif,205676.5 kb,"Wed, 12 Dec 2007 15:58:00 GMT"
BF1151.tif,249788.9 kb,"Mon, 04 Jun 2007 19:36:46 GMT"
BF493.tif,199057.8 kb,"Mon, 05 Nov 2007 20:06:02 GMT"
BF485.tif,49698.4 kb,"Fri, 10 Dec 2010 16:42:02 GMT"
BF179.tif,199281.0 kb,"Wed, 30 May 2007 19:48:08 GMT"
BF10.tif,159759.7 kb,"Mon, 26 Nov 2007 17:30:04 GMT"
BF916.tif,196390.4 kb,"Tue, 16 Oct 2007 19:08:38 GMT"
BF787.tif,212466.5 kb,"Wed, 01 Oct 2008 14:40:48 GMT"
BF396.tif,171904.0 kb,"Wed, 15 Oct 2008 18:49:32 GMT"
BF986.tif,199853.2 kb,"Wed, 06 Jun 2007 15:09:40 GMT"
BF823.tif,196223.0 kb,"Wed, 17 Sep 2008 19:42:30 GMT"
BF1044.tif,151813.6 kb,"Tue, 02 Dec 2008 16:19:56 GMT"
BF970.tif,207633.9 kb,"Tue, 09 Sep 2008 18:39:26 GMT"
BF869.tif,188895.5 kb,"Thu, 30 Oct 2008 17:41:32 GMT"
BF935.tif,204863.1 kb,"Tue, 27 Nov 2007 20:27:54 GMT"
BF254.tif,209584.9 kb,"Thu, 23 Oct 2008 13:27:16 GMT"
A346.tif,91933.0 kb,"Sat, 04 Sep 2010 15:34:35 GMT"
A143.tif,90677.3 kb,"Fri, 03 Sep 2010 18:40:37 GMT"
01.13.01.tif,88463.3 kb,"Fri, 29 Jul 2011 13:47:58 GMT"
01.23.44.tif,40642.0 kb,"Thu, 29 Apr 2010 18:37:03 GMT"
01.18.28.tif,41054.9 kb,"Thu, 29 Apr 2010 15:09:37 GMT"
BF2057.tif,168807.8 kb,"Thu, 14 Jun 2007 15:50:10 GMT"
A222.tif,91994.2 kb,"Wed, 30 Mar 2011 09:58:49 GMT"
A173.tif,87429.3 kb,"Tue, 29 Mar 2011 13:47:13 GMT"
01.13.65.tif,55104.1 kb,"Wed, 05 May 2010 14:05:02 GMT"
01.21.01.tif,61705.7 kb,"Wed, 19 May 2010 14:53:59 GMT"
BF455.tif,74816.0 kb,"Tue, 30 Sep 2008 14:34:10 GMT"
A272.tif,116119.2 kb,"Tue, 22 Mar 2011 20:27:31 GMT"
BF2061.tif,169533.2 kb,"Wed, 30 May 2007 20:51:22 GMT"
BF902.tif,178105.1 kb,"Tue, 18 Dec 2007 21:14:40 GMT"
BF140.tif,736460.1 kb,"Wed, 19 Dec 2007 18:21:56 GMT"
01.09.54.tif,78456.0 kb,"Fri, 29 Jul 2011 13:27:00 GMT"
01.07.04.tif,40870.3 kb,"Tue, 27 Sep 2011 02:38:42 GMT"
BF69.tif,212140.9 kb,"Tue, 28 Oct 2008 13:22:34 GMT"
01.18.37.tif,23090.1 kb,"Thu, 29 Apr 2010 17:59:57 GMT"
BF841.tif,170060.8 kb,"Tue, 09 Dec 2008 13:48:04 GMT"
BF1071.tif,228862.7 kb,"Thu, 14 Jun 2007 18:33:36 GMT"
BF1074.tif,211126.0 kb,"Wed, 13 Jun 2007 19:02:12 GMT"
BF352.tif,170795.0 kb,"Mon, 18 Jun 2007 19:41:28 GMT"
BF353.tif,163328.8 kb,"Thu, 14 Jun 2007 16:04:46 GMT"
01.12.34.tif,103194.6 kb,"Fri, 16 Jul 2010 19:28:26 GMT"
BF936.tif,82491.2 kb,"Sun, 03 Jul 2011 13:16:14 GMT"
01.11.39ab.tif,116877.5 kb,"Thu, 21 Jul 2016 06:25:04 GMT"
01.09.33ab.tif,80195.0 kb,"Mon, 04 Jul 2011 08:21:28 GMT"
01.12.13ab.tif,113385.3 kb,"Fri, 29 Jul 2011 13:50:39 GMT"
01.18.82ab.tif,41138.1 kb,"Wed, 27 Jan 2010 02:28:38 GMT"
BF1196.tif,222337.5 kb,"Mon, 04 Jun 2007 20:24:08 GMT"
BF828.tif,197027.3 kb,"Mon, 03 Nov 2008 14:07:46 GMT"
BF791.tif,143133.8 kb,"Thu, 11 Sep 2008 13:36:00 GMT"
BF885.tif,196273.5 kb,"Wed, 15 Oct 2008 13:02:06 GMT"
BF92.tif,139770.7 kb,"Thu, 11 Sep 2008 12:51:38 GMT"
BF123.tif,99815.1 kb,"Mon, 22 Sep 2008 19:43:24 GMT"
BF344.tif,198137.5 kb,"Tue, 12 Jun 2007 17:35:16 GMT"
A338.tif,94154.2 kb,"Sat, 04 Sep 2010 14:02:35 GMT"
A323.tif,35380.8 kb,"Fri, 11 Mar 2011 16:17:57 GMT"
A342.tif,25035.2 kb,"Fri, 11 Mar 2011 16:20:41 GMT"
A356.tif,94648.1 kb,"Sat, 04 Sep 2010 15:15:59 GMT"
A354.tif,86053.9 kb,"Sat, 04 Sep 2010 15:20:13 GMT"
A184.tif,100273.7 kb,"Fri, 03 Sep 2010 19:48:35 GMT"
A177.tif,94348.2 kb,"Fri, 03 Sep 2010 19:57:47 GMT"
A181.tif,82143.5 kb,"Fri, 03 Sep 2010 19:53:02 GMT"
A26.tif,93656.0 kb,"Fri, 03 Sep 2010 13:40:00 GMT"
A46.tif,91134.3 kb,"Fri, 03 Sep 2010 17:30:09 GMT"
BF14.tif,191702.2 kb,"Mon, 26 Nov 2007 21:09:12 GMT"
BF40.tif,185561.0 kb,"Tue, 27 Nov 2007 19:46:42 GMT"
01.18.30.tif,109853.5 kb,"Tue, 04 Jan 2011 20:17:35 GMT"
BF259.tif,97959.8 kb,"Thu, 25 Sep 2008 15:02:46 GMT"
A248.tif,101243.2 kb,"Tue, 07 Dec 2010 20:22:42 GMT"
BF1192.tif,226029.5 kb,"Mon, 25 Jun 2007 20:48:44 GMT"
BF771.tif,60740.6 kb,"Tue, 26 Oct 2010 14:14:38 GMT"
BF1190.tif,209294.3 kb,"Tue, 05 Jun 2007 18:31:12 GMT"
BF1056a.tif,121696.6 kb,"Wed, 03 Dec 2008 16:14:34 GMT"
01.18.58ab.tif,33484.2 kb,"Tue, 26 Jan 2010 14:14:17 GMT"
BF256.tif,190194.7 kb,"Tue, 29 May 2007 19:12:26 GMT"
01.05.55.tif,82347.9 kb,"Wed, 12 Jan 2011 20:54:00 GMT"
01.18.02.tif,49114.6 kb,"Thu, 29 Sep 2011 00:58:57 GMT"
01.08.76.tif,74980.6 kb,"Wed, 10 Nov 2010 14:52:46 GMT"
01.18.101.tif,29092.6 kb,"Thu, 29 Sep 2011 01:28:21 GMT"
01.18.112.tif,27518.4 kb,"Thu, 29 Sep 2011 01:31:20 GMT"
01.07.31.tif,104528.3 kb,"Tue, 11 Jan 2011 21:12:16 GMT"
01.07.41.tif,105033.4 kb,"Tue, 11 Jan 2011 21:30:38 GMT"
01.01.12.tif,56079.7 kb,"Wed, 29 Sep 2010 13:05:25 GMT"
01.23.24.tif,96922.5 kb,"Sun, 29 Aug 2010 14:53:42 GMT"
01.23.35.tif,89717.2 kb,"Sun, 29 Aug 2010 13:15:24 GMT"
BF646.tif,199502.3 kb,"Mon, 11 Jun 2007 15:05:52 GMT"
01.03.46a.tif,36979.9 kb,"Wed, 21 Apr 2010 18:24:20 GMT"
01.03.46c.tif,38892.0 kb,"Wed, 21 Apr 2010 18:23:44 GMT"
01.03.46e.tif,42747.8 kb,"Wed, 21 Apr 2010 18:22:59 GMT"
01.02.23.tif,39775.0 kb,"Wed, 19 May 2010 13:14:25 GMT"
01.09.52.tif,68169.8 kb,"Fri, 03 Dec 2010 01:52:37 GMT"
01.13.73.tif,35660.8 kb,"Sun, 06 Jun 2010 12:42:03 GMT"
BF64.tif,192259.1 kb,"Tue, 16 Oct 2007 16:16:04 GMT"
BF90.tif,184069.6 kb,"Wed, 17 Sep 2008 15:56:26 GMT"
BF968.tif,94054.1 kb,"Mon, 29 Sep 2008 19:13:40 GMT"
BF1089.tif,190624.5 kb,"Mon, 06 Oct 2008 19:17:20 GMT"
BF1148.tif,152076.7 kb,"Wed, 30 May 2007 16:49:46 GMT"
BF889.tif,185037.1 kb,"Wed, 17 Oct 2007 14:45:32 GMT"
01.08.19.tif,77070.8 kb,"Thu, 14 Oct 2010 20:14:05 GMT"
01.04.65.tif,79242.1 kb,"Wed, 12 Jan 2011 19:03:10 GMT"
01.06.12.tif,81243.3 kb,"Tue, 11 Jan 2011 16:17:44 GMT"
01.06.18.tif,85528.2 kb,"Tue, 11 Jan 2011 16:14:08 GMT"
01.08.33.tif,31208.9 kb,"Thu, 29 Sep 2011 00:42:16 GMT"
01.08.13.tif,36912.1 kb,"Mon, 06 Jun 2011 17:42:53 GMT"
01.08.63.tif,54561.6 kb,"Sun, 06 Jun 2010 13:32:36 GMT"
01.08.65.tif,52080.1 kb,"Sun, 06 Jun 2010 13:32:06 GMT"
01.08.60.tif,64918.6 kb,"Sun, 06 Jun 2010 13:21:24 GMT"
01.06.23.tif,84146.7 kb,"Tue, 11 Jan 2011 18:11:58 GMT"
01.06.37.tif,82685.8 kb,"Tue, 11 Jan 2011 18:30:44 GMT"
01.06.22.tif,82295.7 kb,"Tue, 11 Jan 2011 18:16:26 GMT"
01.06.38.tif,98698.5 kb,"Tue, 11 Jan 2011 18:29:24 GMT"
01.01.70.tif,83708.7 kb,"Mon, 06 Jun 2011 17:29:58 GMT"
01.01.35.tif,80998.0 kb,"Wed, 29 Sep 2010 13:34:56 GMT"
01.01.26.tif,36139.5 kb,"Mon, 06 Jun 2011 17:06:39 GMT"
01.01.36.tif,32268.8 kb,"Mon, 06 Jun 2011 17:07:39 GMT"
01.01.17.tif,84600.8 kb,"Wed, 29 Sep 2010 13:02:37 GMT"
01.01.11.tif,47173.1 kb,"Mon, 06 Jun 2011 16:59:16 GMT"
01.01.29.tif,31355.0 kb,"Mon, 06 Jun 2011 17:01:30 GMT"
01.01.53a.tif,35168.9 kb,"Mon, 06 Jun 2011 17:19:46 GMT"
01.01.59a.tif,29302.7 kb,"Mon, 06 Jun 2011 17:22:30 GMT"
01.01.52.tif,78799.4 kb,"Mon, 06 Jun 2011 17:14:29 GMT"
01.01.58.tif,97516.1 kb,"Mon, 06 Jun 2011 17:15:54 GMT"
01.01.41.tif,82440.4 kb,"Wed, 29 Sep 2010 13:27:45 GMT"
01.01.50.tif,81697.5 kb,"Wed, 29 Sep 2010 14:02:37 GMT"
01.01.55.tif,56154.8 kb,"Tue, 27 Sep 2011 02:07:59 GMT"
01.01.57.tif,35682.6 kb,"Tue, 27 Sep 2011 02:20:19 GMT"
01.05.25.tif,77032.5 kb,"Wed, 12 Jan 2011 20:19:58 GMT"
01.05.35.tif,78381.1 kb,"Wed, 12 Jan 2011 20:10:46 GMT"
01.12.24.tif,109974.2 kb,"Fri, 16 Jul 2010 17:23:23 GMT"
01.02.11.tif,56292.0 kb,"Fri, 29 Jul 2011 13:08:06 GMT"
01.06.57.tif,87053.6 kb,"Tue, 11 Jan 2011 18:39:24 GMT"
01.06.56.tif,75866.3 kb,"Tue, 11 Jan 2011 18:40:10 GMT"
01.01.45a.tif,76715.6 kb,"Thu, 14 Oct 2010 18:10:32 GMT"
01.01.45b.tif,78305.2 kb,"Thu, 14 Oct 2010 18:09:26 GMT"
01.19.34.tif,78747.4 kb,"Wed, 18 Aug 2010 00:33:13 GMT"
01.06.44.tif,114902.4 kb,"Tue, 11 Jan 2011 18:24:50 GMT"
01.08.30.tif,27752.2 kb,"Thu, 29 Sep 2011 00:34:38 GMT"
01.08.15.tif,96754.6 kb,"Thu, 14 Oct 2010 20:17:59 GMT"
01.08.58.tif,100610.7 kb,"Wed, 10 Nov 2010 15:20:37 GMT"
01.08.77.tif,66208.2 kb,"Wed, 10 Nov 2010 15:36:14 GMT"
01.12.20.tif,105862.0 kb,"Fri, 16 Jul 2010 17:32:38 GMT"
01.05.04.tif,108153.7 kb,"Wed, 12 Jan 2011 19:26:34 GMT"
01.16.29.tif,80214.7 kb,"Thu, 14 Oct 2010 19:55:59 GMT"
01.18.11.tif,108404.0 kb,"Wed, 29 Sep 2010 13:51:45 GMT"
01.18.98.tif,102699.3 kb,"Mon, 27 Sep 2010 17:59:58 GMT"
01.06.24.tif,91251.3 kb,"Tue, 11 Jan 2011 18:09:46 GMT"
01.06.35.tif,100981.5 kb,"Tue, 11 Jan 2011 18:35:36 GMT"
01.19.62.tif,120776.7 kb,"Wed, 18 Aug 2010 12:17:41 GMT"
01.19.50.tif,112210.0 kb,"Tue, 17 Aug 2010 21:01:34 GMT"
01.07.11.tif,47068.4 kb,"Tue, 27 Sep 2011 03:13:23 GMT"
01.07.27.tif,57626.4 kb,"Wed, 28 Sep 2011 20:11:17 GMT"
01.21.30.tif,86851.1 kb,"Mon, 23 Aug 2010 18:19:26 GMT"
01.22.19.tif,99992.0 kb,"Tue, 24 Aug 2010 12:15:04 GMT"
01.22.25.tif,121196.9 kb,"Tue, 24 Aug 2010 13:51:22 GMT"
A238.tif,74937.9 kb,"Fri, 08 Apr 2011 20:52:52 GMT"
01.23.01.tif,51833.6 kb,"Thu, 22 Apr 2010 01:53:41 GMT"
01.11.48.tif,84363.0 kb,"Mon, 23 Aug 2010 17:52:02 GMT"
01.11.31.tif,76004.1 kb,"Mon, 23 Aug 2010 18:00:14 GMT"
01.05.40.tif,103650.7 kb,"Wed, 12 Jan 2011 20:31:32 GMT"
01.19.32.tif,121706.6 kb,"Wed, 18 Aug 2010 00:34:49 GMT"
01.19.43.tif,124142.4 kb,"Wed, 18 Aug 2010 00:28:54 GMT"
01.19.03.tif,107308.5 kb,"Wed, 18 May 2011 23:06:23 GMT"
01.19.27.tif,106980.2 kb,"Wed, 18 May 2011 22:58:33 GMT"
01.14.24.tif,72227.0 kb,"Mon, 27 Sep 2010 12:15:47 GMT"
01.07.52.tif,26027.4 kb,"Wed, 28 Sep 2011 20:20:42 GMT"
01.22.04.tif,106065.9 kb,"Tue, 24 Aug 2010 12:27:09 GMT"
01.01.40.tif,91887.7 kb,"Thu, 26 May 2011 14:57:08 GMT"
01.01.49.tif,88889.5 kb,"Thu, 26 May 2011 14:45:12 GMT"
01.19.10.tif,74322.9 kb,"Mon, 27 Sep 2010 17:43:49 GMT"
01.19.19.tif,83381.9 kb,"Mon, 27 Sep 2010 17:30:37 GMT"
01.19.70.tif,78398.5 kb,"Wed, 18 Aug 2010 12:37:11 GMT"
01.19.80.tif,79420.1 kb,"Wed, 18 Aug 2010 12:34:23 GMT"
01.08.25ab.tif,44000.8 kb,"Fri, 23 Apr 2010 13:38:45 GMT"
BF969.tif,208906.3 kb,"Tue, 27 Nov 2007 15:47:16 GMT"
BF805.tif,95755.8 kb,"Tue, 26 Oct 2010 13:57:30 GMT"
BF519.tif,212390.6 kb,"Mon, 25 Jun 2007 16:52:48 GMT"
BF100.tif,165298.1 kb,"Mon, 03 Nov 2008 20:00:34 GMT"
01.23.57.tif,89940.6 kb,"Sun, 29 Aug 2010 15:23:58 GMT"
01.09.15.tif,48267.4 kb,"Wed, 19 May 2010 17:29:40 GMT"
01.23.06.tif,79478.9 kb,"Fri, 03 Dec 2010 15:04:54 GMT"
01.04.40.tif,94986.8 kb,"Fri, 03 Dec 2010 02:30:58 GMT"
BF408.tif,46114.3 kb,"Fri, 10 Dec 2010 16:44:21 GMT"
A83.tif,122410.9 kb,"Fri, 03 Sep 2010 19:16:05 GMT"
BF641.tif,183870.9 kb,"Tue, 12 Jun 2007 18:33:34 GMT"
BF239.tif,188586.4 kb,"Tue, 06 Nov 2007 20:06:50 GMT"
01.06.10.tif,90205.8 kb,"Tue, 11 Jan 2011 16:19:44 GMT"
BF835.tif,186912.8 kb,"Tue, 07 Oct 2008 19:50:10 GMT"
A437.tif,122821.8 kb,"Tue, 07 Dec 2010 21:27:14 GMT"
BF1053.tif,175077.6 kb,"Wed, 03 Dec 2008 15:36:12 GMT"
BF1047.tif,100564.1 kb,"Wed, 03 Dec 2008 18:21:18 GMT"
A415.tif,112331.6 kb,"Tue, 07 Dec 2010 20:13:43 GMT"
BF798.tif,206726.0 kb,"Thu, 11 Sep 2008 18:53:54 GMT"
BF942.tif,81292.6 kb,"Mon, 20 Sep 2004 17:55:28 GMT"
BF6.tif,206092.6 kb,"Thu, 29 Nov 2007 17:38:18 GMT"
BF151.tif,195568.7 kb,"Wed, 05 Dec 2007 19:20:26 GMT"
BF600.tif,174154.9 kb,"Mon, 11 Jun 2007 16:27:36 GMT"
01.08.28.tif,33270.5 kb,"Thu, 29 Sep 2011 00:27:38 GMT"
01.07.57.tif,51162.3 kb,"Wed, 28 Sep 2011 20:36:25 GMT"
01.15.05.tif,108130.2 kb,"Wed, 18 May 2011 23:30:03 GMT"
01.06.09.tif,91654.7 kb,"Tue, 11 Jan 2011 16:21:10 GMT"
01.06.07.tif,98832.0 kb,"Tue, 11 Jan 2011 15:01:42 GMT"
01.01.31.tif,72048.1 kb,"Wed, 18 May 2011 23:49:05 GMT"
01.01.23.tif,42442.4 kb,"Tue, 27 Sep 2011 01:54:18 GMT"
BF275.tif,195396.8 kb,"Mon, 10 Nov 2008 18:32:32 GMT"
A192.tif,106154.1 kb,"Mon, 04 Apr 2011 21:37:15 GMT"
A156.tif,126989.4 kb,"Mon, 04 Apr 2011 17:08:33 GMT"
A284.tif,114968.3 kb,"Wed, 23 Mar 2011 09:00:21 GMT"
A285.tif,106602.3 kb,"Wed, 23 Mar 2011 09:49:13 GMT"
A278.tif,119597.7 kb,"Wed, 23 Mar 2011 07:55:56 GMT"
A260.tif,108869.7 kb,"Fri, 25 Mar 2011 07:42:48 GMT"
BF2510.tif,155796.7 kb,"Tue, 02 Dec 2008 14:44:32 GMT"
BF947.tif,207235.2 kb,"Tue, 29 May 2007 20:33:14 GMT"
BF47.tif,151766.3 kb,"Wed, 05 Dec 2007 17:11:22 GMT"
BF697.tif,160560.1 kb,"Tue, 19 Jun 2007 19:41:02 GMT"
A255.tif,84261.8 kb,"Thu, 24 Mar 2011 21:11:44 GMT"
A123.tif,94387.4 kb,"Mon, 04 Apr 2011 10:49:28 GMT"
A151.tif,121711.8 kb,"Mon, 04 Apr 2011 17:25:42 GMT"
A140.tif,117996.0 kb,"Mon, 04 Apr 2011 14:08:27 GMT"
A163.tif,119615.8 kb,"Mon, 04 Apr 2011 21:09:12 GMT"
A199.tif,101068.4 kb,"Tue, 29 Mar 2011 14:56:23 GMT"
A172.tif,97029.2 kb,"Tue, 29 Mar 2011 13:40:34 GMT"
A212.tif,102060.2 kb,"Wed, 30 Mar 2011 08:41:46 GMT"
A158.tif,92870.6 kb,"Mon, 04 Apr 2011 21:19:47 GMT"
A127.tif,105578.3 kb,"Mon, 04 Apr 2011 13:50:25 GMT"
A139.tif,76603.9 kb,"Mon, 04 Apr 2011 14:15:14 GMT"
A157.tif,93890.7 kb,"Mon, 04 Apr 2011 17:01:47 GMT"
A136.tif,107047.2 kb,"Mon, 04 Apr 2011 14:36:19 GMT"
A162.tif,96964.6 kb,"Thu, 24 Mar 2011 20:29:31 GMT"
A280.tif,100628.9 kb,"Wed, 23 Mar 2011 08:48:05 GMT"
A261.tif,89274.1 kb,"Sat, 26 Mar 2011 08:52:58 GMT"
A228.tif,107541.5 kb,"Wed, 30 Mar 2011 11:33:29 GMT"
A223.tif,106646.6 kb,"Wed, 30 Mar 2011 09:56:13 GMT"
A24.tif,95565.3 kb,"Sat, 26 Feb 2011 16:39:39 GMT"
A8.tif,120867.5 kb,"Wed, 05 Jan 2011 14:29:38 GMT"
A210.tif,114845.0 kb,"Wed, 30 Mar 2011 08:55:17 GMT"
A226.tif,111058.4 kb,"Wed, 30 Mar 2011 10:13:44 GMT"
A273.tif,95385.4 kb,"Tue, 22 Mar 2011 20:24:56 GMT"
BF743.tif,197644.6 kb,"Thu, 23 Oct 2008 17:47:22 GMT"
A105.tif,65674.2 kb,"Mon, 04 Apr 2011 10:25:10 GMT"
A165.tif,76301.8 kb,"Mon, 04 Apr 2011 21:03:14 GMT"
01.22.30.tif,103755.1 kb,"Tue, 24 Aug 2010 13:47:14 GMT"
A270.tif,100398.4 kb,"Tue, 22 Mar 2011 19:47:02 GMT"
BF608.tif,193784.3 kb,"Tue, 19 Jun 2007 18:52:00 GMT"
BF393.tif,66357.0 kb,"Tue, 30 Sep 2008 13:29:20 GMT"
BF678.tif,189402.3 kb,"Mon, 27 Oct 2008 17:25:58 GMT"
BF495.tif,167689.6 kb,"Tue, 26 Jun 2007 14:33:36 GMT"
BF499.tif,7396.8 kb,"Tue, 15 Nov 2005 21:32:31 GMT"
BF980.tif,197461.3 kb,"Tue, 16 Oct 2007 15:30:26 GMT"
A257.tif,107481.1 kb,"Fri, 25 Mar 2011 08:01:16 GMT"
BF954.tif,155880.8 kb,"Tue, 16 Oct 2007 20:25:56 GMT"
BF629.tif,197607.4 kb,"Wed, 20 Jun 2007 13:50:52 GMT"
BF803.tif,24268.2 kb,"Tue, 02 Aug 2011 16:37:43 GMT"
BF766.tif,236091.1 kb,"Wed, 13 Jun 2007 19:28:00 GMT"
BF81.tif,228552.9 kb,"Thu, 06 Nov 2008 17:03:40 GMT"
BF630.tif,221552.2 kb,"Tue, 12 Jun 2007 18:15:36 GMT"
BF79.tif,181704.5 kb,"Wed, 29 Oct 2008 19:11:52 GMT"
BF615.tif,210881.5 kb,"Thu, 14 Jun 2007 18:46:54 GMT"
BF624.tif,218197.0 kb,"Tue, 19 Jun 2007 15:25:42 GMT"
BF623.tif,173208.3 kb,"Mon, 18 Jun 2007 20:20:54 GMT"
BF702.tif,186827.8 kb,"Mon, 18 Jun 2007 15:23:18 GMT"
BF625.tif,201089.4 kb,"Wed, 13 Jun 2007 20:18:02 GMT"
BF740.tif,200241.9 kb,"Tue, 19 Jun 2007 19:27:02 GMT"
01.18.85.tif,35004.7 kb,"Tue, 26 Jan 2010 16:32:59 GMT"
01.18.33.tif,37469.9 kb,"Tue, 26 Jan 2010 21:30:15 GMT"
A179.tif,107722.6 kb,"Tue, 29 Mar 2011 14:41:32 GMT"
A178.tif,85034.5 kb,"Tue, 29 Mar 2011 13:33:06 GMT"
01.08.06.tif,90964.2 kb,"Thu, 14 Oct 2010 19:00:52 GMT"
01.08.02.tif,33341.5 kb,"Thu, 03 Jun 2010 13:09:20 GMT"
BF2042.tif,46394.8 kb,"Thu, 27 May 2010 18:42:48 GMT"
BF981.tif,49693.2 kb,"Wed, 01 Jul 2009 13:13:41 GMT"
BF314.tif,169309.3 kb,"Wed, 01 Oct 2008 18:19:40 GMT"
BF93.tif,166139.1 kb,"Thu, 04 Sep 2008 13:49:26 GMT"
BF604.tif,199243.4 kb,"Wed, 20 Jun 2007 14:58:14 GMT"
BF2030.tif,182639.5 kb,"Mon, 25 Jun 2007 16:14:14 GMT"
BF2516.tif,213621.8 kb,"Mon, 06 Oct 2008 19:41:18 GMT"
01.08.27.tif,43811.4 kb,"Wed, 19 May 2010 18:47:48 GMT"
01.11.17.tif,46382.3 kb,"Thu, 29 Apr 2010 17:23:24 GMT"
01.18.110.tif,35591.6 kb,"Thu, 29 Apr 2010 18:05:25 GMT"
01.18.55.tif,35783.4 kb,"Wed, 27 Jan 2010 13:53:30 GMT"
01.18.61.tif,35393.3 kb,"Tue, 26 Jan 2010 13:59:23 GMT"
BF333.tif,194794.9 kb,"Thu, 23 Dec 2010 20:26:44 GMT"
BF527.tif,209567.7 kb,"Tue, 26 Jun 2007 14:11:38 GMT"
BF205.tif,182045.7 kb,"Wed, 17 Oct 2007 16:27:14 GMT"
BF1146.tif,195363.2 kb,"Mon, 04 Jun 2007 20:54:48 GMT"
BF721.tif,171708.7 kb,"Mon, 11 Jun 2007 18:53:42 GMT"
BF555.tif,186670.7 kb,"Thu, 09 Oct 2008 16:00:32 GMT"
BF556.tif,186816.0 kb,"Thu, 09 Oct 2008 17:39:44 GMT"
BF2072.tif,159789.3 kb,"Tue, 12 Jun 2007 19:06:30 GMT"
BF594.tif,47508.2 kb,"Fri, 10 Dec 2010 16:38:21 GMT"
BF454.tif,105816.9 kb,"Sun, 03 Jul 2011 13:39:55 GMT"
BF532.tif,200800.0 kb,"Tue, 04 Dec 2007 21:23:00 GMT"
BF2068.tif,189261.4 kb,"Tue, 26 Jun 2007 17:05:30 GMT"
BF330.tif,79644.8 kb,"Thu, 07 Jun 2007 17:49:12 GMT"
BF991.tif,174929.7 kb,"Wed, 05 Dec 2007 20:55:00 GMT"
BF247.tif,180619.8 kb,"Wed, 30 May 2007 20:28:02 GMT"
BF761.tif,188135.9 kb,"Wed, 22 Oct 2008 13:55:50 GMT"
BF742.tif,189656.8 kb,"Wed, 22 Oct 2008 14:32:46 GMT"
01.08.48a.tif,49563.4 kb,"Wed, 21 Apr 2010 18:31:28 GMT"
01.08.48b.tif,37904.5 kb,"Wed, 21 Apr 2010 18:30:59 GMT"
01.19.13.tif,40291.7 kb,"Wed, 21 Apr 2010 23:04:45 GMT"
01.19.17.tif,38382.6 kb,"Wed, 21 Apr 2010 23:04:25 GMT"
A12.tif,101991.1 kb,"Sat, 26 Feb 2011 16:44:23 GMT"
A25.tif,104418.8 kb,"Sat, 26 Feb 2011 16:32:19 GMT"
01.12.08.tif,32741.9 kb,"Wed, 05 May 2010 14:46:45 GMT"
01.21.48.tif,36802.4 kb,"Thu, 29 Apr 2010 18:12:23 GMT"
01.12.18.tif,109888.8 kb,"Fri, 16 Jul 2010 17:37:09 GMT"
01.05.53.tif,113671.3 kb,"Wed, 12 Jan 2011 20:59:36 GMT"
01.19.28.tif,124257.0 kb,"Wed, 18 Aug 2010 00:40:35 GMT"
01.19.01.tif,102311.1 kb,"Wed, 18 Aug 2010 00:59:56 GMT"
01.16.13.tif,108278.7 kb,"Thu, 14 Oct 2010 20:04:05 GMT"
01.23.19.tif,108221.9 kb,"Tue, 24 Aug 2010 20:16:24 GMT"
01.23.50.tif,119321.5 kb,"Sun, 29 Aug 2010 15:36:21 GMT"
BF924.tif,42862.7 kb,"Mon, 25 Jan 2010 23:57:10 GMT"
BF347.tif,190991.3 kb,"Wed, 01 Oct 2008 18:43:40 GMT"
BF951.tif,171442.5 kb,"Thu, 04 Sep 2008 14:29:12 GMT"
BF1038.tif,90409.0 kb,"Sun, 03 Jul 2011 13:18:22 GMT"
BF1185.tif,126418.0 kb,"Mon, 01 May 2017 14:21:54 GMT"
BF21.tif,208944.4 kb,"Thu, 04 Sep 2008 13:52:52 GMT"
01.17.04.tif,90516.1 kb,"Sun, 29 Aug 2010 12:21:10 GMT"
BF468.tif,168299.4 kb,"Mon, 20 Oct 2008 15:00:04 GMT"
A16.tif,87848.4 kb,"Wed, 30 May 2012 19:33:16 GMT"
BF452.tif,174140.3 kb,"Mon, 10 Nov 2008 20:13:40 GMT"
BF692.tif,181287.9 kb,"Mon, 27 Oct 2008 15:17:40 GMT"
BF39.tif,129786.1 kb,"Thu, 08 Nov 2007 17:25:58 GMT"
BF577.tif,170507.9 kb,"Thu, 04 Sep 2008 14:11:26 GMT"
01.01.25.tif,108611.4 kb,"Wed, 29 Sep 2010 12:57:12 GMT"
01.01.38.tif,83846.6 kb,"Wed, 29 Sep 2010 13:31:10 GMT"
01.23.52.tif,118419.4 kb,"Sun, 29 Aug 2010 15:29:57 GMT"
01.06.05.tif,88243.9 kb,"Tue, 11 Jan 2011 15:05:12 GMT"
BF917.tif,200559.2 kb,"Tue, 09 Sep 2008 15:55:00 GMT"
BF324.tif,186651.1 kb,"Wed, 12 Nov 2008 14:31:56 GMT"
BF534.tif,180456.1 kb,"Thu, 04 Sep 2008 18:06:16 GMT"
A244.tif,52429.1 kb,"Fri, 04 Nov 2011 15:42:27 GMT"
BF713.tif,26366.9 kb,"Mon, 11 Apr 2005 13:20:38 GMT"
A188.tif,123472.0 kb,"Wed, 30 May 2012 19:19:39 GMT"
A59.tif,111010.1 kb,"Wed, 30 May 2012 19:18:23 GMT"
BF23.tif,180941.2 kb,"Thu, 20 Dec 2007 19:48:56 GMT"
BF642.tif,260131.2 kb,"Thu, 31 May 2007 18:58:58 GMT"
BF1150.tif,175136.9 kb,"Wed, 30 May 2007 20:36:28 GMT"
BF114.tif,170269.2 kb,"Wed, 05 Dec 2007 20:07:28 GMT"
BF2535.tif,228583.9 kb,"Wed, 22 Oct 2008 19:38:04 GMT"
BF2543.tif,174140.7 kb,"Mon, 11 Jun 2007 18:34:56 GMT"
BF11.tif,148114.0 kb,"Wed, 31 Oct 2007 20:20:34 GMT"
BF255.tif,163821.2 kb,"Tue, 13 Nov 2007 19:45:22 GMT"
BF186.tif,230837.8 kb,"Tue, 12 Jun 2007 13:57:32 GMT"
BF222.tif,153222.1 kb,"Tue, 13 Nov 2007 17:57:54 GMT"
BF348.tif,52111.6 kb,"Tue, 19 Jan 2010 20:39:25 GMT"
BF172.tif,213604.1 kb,"Tue, 12 Jun 2007 13:12:24 GMT"
BF174.tif,50047.6 kb,"Fri, 10 Dec 2010 18:37:29 GMT"
BF2542.tif,191604.7 kb,"Mon, 11 Jun 2007 20:42:08 GMT"
BF616.tif,212579.0 kb,"Thu, 31 May 2007 19:03:38 GMT"
BF98.tif,184807.6 kb,"Thu, 29 Nov 2007 17:52:50 GMT"
BF53.tif,116473.1 kb,"Mon, 29 Oct 2007 18:45:26 GMT"
BF65.tif,105456.7 kb,"Mon, 29 Oct 2007 16:57:04 GMT"
BF280.tif,175015.3 kb,"Thu, 04 Sep 2008 14:08:32 GMT"
A203.tif,115733.2 kb,"Fri, 29 Jul 2011 14:20:38 GMT"
BF857.tif,180978.0 kb,"Mon, 10 Nov 2008 15:07:10 GMT"
BF103.tif,48077.0 kb,"Fri, 10 Dec 2010 16:46:29 GMT"
BF2000.tif,48009.6 kb,"Fri, 10 Dec 2010 18:39:30 GMT"
BF118.tif,201112.0 kb,"Tue, 04 Dec 2007 17:22:48 GMT"
BF250.tif,854080.4 kb,"Mon, 17 Dec 2007 18:33:58 GMT"
BF137.tif,200901.2 kb,"Wed, 14 Nov 2007 17:31:50 GMT"
BF180.tif,100425.8 kb,"Wed, 24 Sep 2008 16:27:50 GMT"
BF931.tif,180228.7 kb,"Tue, 27 Nov 2007 16:34:44 GMT"
BF155.tif,187686.0 kb,"Thu, 06 Dec 2007 17:45:26 GMT"
BF130.tif,205125.8 kb,"Tue, 04 Dec 2007 19:51:56 GMT"
BF990.tif,143532.1 kb,"Mon, 04 Jun 2007 16:16:00 GMT"
BF26.tif,201239.0 kb,"Wed, 24 Oct 2007 20:07:30 GMT"
BF834.tif,182012.5 kb,"Wed, 08 Oct 2008 13:04:32 GMT"
BF392.tif,170701.5 kb,"Mon, 10 Nov 2008 20:25:48 GMT"
BF200.tif,136538.7 kb,"Thu, 13 Dec 2007 19:17:30 GMT"
BF930.tif,218516.8 kb,"Tue, 29 May 2007 16:04:06 GMT"
A275.tif,107707.2 kb,"Tue, 22 Mar 2011 20:20:36 GMT"
A193.tif,106181.9 kb,"Tue, 29 Mar 2011 14:07:32 GMT"
A154.tif,110679.3 kb,"Mon, 04 Apr 2011 17:17:36 GMT"
BF518.tif,41036.9 kb,"Tue, 26 Jan 2010 00:02:54 GMT"
BF831.tif,201859.5 kb,"Wed, 17 Sep 2008 14:30:04 GMT"
BF937.tif,165133.6 kb,"Wed, 14 Nov 2007 14:43:38 GMT"
BF528.tif,47049.6 kb,"Tue, 19 Jan 2010 20:41:54 GMT"
BF267.tif,87392.4 kb,"Thu, 07 Jun 2007 13:58:30 GMT"
BF101.tif,186920.2 kb,"Thu, 04 Sep 2008 14:04:50 GMT"
BF2049.tif,136353.5 kb,"Thu, 13 Dec 2007 19:33:28 GMT"
BF121.tif,196891.1 kb,"Mon, 01 Dec 2008 15:54:52 GMT"
BF213.tif,214575.8 kb,"Mon, 01 Dec 2008 16:17:02 GMT"
BF2506.tif,211622.8 kb,"Thu, 13 Nov 2008 14:37:24 GMT"
BF767.tif,185854.9 kb,"Thu, 31 May 2007 19:25:20 GMT"
BF614.tif,178693.7 kb,"Tue, 19 Jun 2007 14:46:54 GMT"
BF1187.tif,175585.5 kb,"Mon, 24 Nov 2008 15:44:22 GMT"
BF331.tif,194416.5 kb,"Tue, 25 Nov 2008 16:12:38 GMT"
BF1188.tif,154410.1 kb,"Mon, 01 May 2017 19:28:10 GMT"
BF109.tif,209113.0 kb,"Thu, 06 Nov 2008 16:10:14 GMT"
BF432.tif,240939.8 kb,"Wed, 13 Jun 2007 17:00:22 GMT"
01.17.02.tif,76179.6 kb,"Sun, 29 Aug 2010 12:23:52 GMT"
01.07.71.tif,53641.7 kb,"Wed, 28 Sep 2011 20:53:16 GMT"
01.16.05.tif,64895.2 kb,"Thu, 14 Oct 2010 20:05:02 GMT"
01.18.64.tif,13604.7 kb,"Wed, 27 Jan 2010 14:00:16 GMT"
01.18.43.tif,34329.2 kb,"Tue, 26 Jan 2010 16:20:21 GMT"
A234.tif,92094.8 kb,"Tue, 26 Jul 2011 14:51:38 GMT"
A208.tif,82652.8 kb,"Tue, 26 Jul 2011 14:31:59 GMT"
BF675.tif,187683.8 kb,"Tue, 28 Oct 2008 17:57:00 GMT"
BF620.tif,185138.6 kb,"Thu, 14 Jun 2007 16:47:02 GMT"
01.08.22.tif,118641.9 kb,"Thu, 14 Oct 2010 20:08:57 GMT"
01.08.54.tif,61186.1 kb,"Sun, 06 Jun 2010 14:04:02 GMT"
01.08.41.tif,71472.0 kb,"Thu, 03 Jun 2010 12:31:09 GMT"
01.05.47.tif,96939.5 kb,"Wed, 12 Jan 2011 20:45:28 GMT"
01.05.27.tif,124989.6 kb,"Wed, 12 Jan 2011 20:13:18 GMT"
01.05.19.tif,108902.3 kb,"Wed, 12 Jan 2011 19:58:00 GMT"
01.06.40.tif,111004.3 kb,"Tue, 11 Jan 2011 18:27:52 GMT"
01.06.53.tif,104007.8 kb,"Tue, 11 Jan 2011 18:45:02 GMT"
01.06.15.tif,108840.6 kb,"Tue, 11 Jan 2011 16:15:30 GMT"
01.07.37.tif,90430.2 kb,"Tue, 11 Jan 2011 21:36:16 GMT"
01.01.03.tif,111662.7 kb,"Wed, 29 Sep 2010 13:11:59 GMT"
01.01.37.tif,117831.0 kb,"Thu, 26 May 2011 14:59:17 GMT"
01.23.40.tif,105988.2 kb,"Sun, 29 Aug 2010 15:41:02 GMT"
BF802.tif,191964.2 kb,"Thu, 30 Oct 2008 13:10:42 GMT"
BF768.tif,190188.9 kb,"Thu, 21 Jun 2007 14:15:38 GMT"
A249.tif,105054.6 kb,"Fri, 25 Jan 2013 17:00:02 GMT"
BF553.tif,183414.7 kb,"Wed, 05 Dec 2007 19:50:08 GMT"
BF2519.tif,201369.8 kb,"Thu, 23 Oct 2008 12:37:38 GMT"
BF124.tif,184620.0 kb,"Wed, 05 Nov 2008 14:33:54 GMT"
BF1154.tif,32455.6 kb,"Fri, 10 Dec 2010 16:35:52 GMT"
BF355.tif,89018.4 kb,"Mon, 22 Apr 2013 15:35:49 GMT"
BF783.tif,173443.9 kb,"Wed, 29 Oct 2008 17:54:08 GMT"
BF46.tif,97059.5 kb,"Wed, 24 Oct 2007 15:10:52 GMT"
BF1000.tif,202787.9 kb,"Tue, 04 Dec 2007 20:34:02 GMT"
A164.tif,108152.6 kb,"Wed, 05 Jan 2011 16:11:18 GMT"
A142.tif,102454.1 kb,"Wed, 05 Jan 2011 15:56:37 GMT"
BF419.tif,142355.5 kb,"Wed, 12 Dec 2007 19:59:20 GMT"
BF421.tif,199594.8 kb,"Wed, 12 Dec 2007 19:03:46 GMT"
BF905.tif,175751.2 kb,"Mon, 22 Oct 2007 16:58:54 GMT"
BF1003.tif,157588.6 kb,"Wed, 10 Sep 2008 15:04:00 GMT"
BF2047.tif,45071.3 kb,"Fri, 10 Dec 2010 16:34:31 GMT"
A187.tif,109833.5 kb,"Tue, 29 Mar 2011 14:20:20 GMT"
BF853.tif,170095.4 kb,"Thu, 02 Oct 2008 13:17:42 GMT"
A265.tif,86382.5 kb,"Sat, 26 Mar 2011 08:20:01 GMT"
A176.tif,98275.5 kb,"Wed, 04 May 2011 10:49:44 GMT"
A258.tif,101749.2 kb,"Fri, 25 Mar 2011 07:54:19 GMT"
A180.tif,94606.3 kb,"Tue, 29 Mar 2011 14:35:39 GMT"
A269.tif,111223.5 kb,"Wed, 30 Mar 2011 10:52:55 GMT"
BF949.tif,197186.2 kb,"Tue, 16 Oct 2007 18:16:36 GMT"
BF2021.tif,234832.5 kb,"Mon, 25 Jun 2007 18:53:36 GMT"
BF894.tif,193852.2 kb,"Thu, 18 Oct 2007 16:50:40 GMT"
BF2547.tif,198644.0 kb,"Thu, 28 Jun 2007 14:43:34 GMT"
01.08.23.tif,108740.6 kb,"Thu, 14 Oct 2010 20:07:50 GMT"
01.08.21.tif,99809.2 kb,"Thu, 14 Oct 2010 20:11:44 GMT"
01.08.43.tif,78299.3 kb,"Wed, 10 Nov 2010 14:39:41 GMT"
01.08.53.tif,51870.8 kb,"Sun, 06 Jun 2010 14:14:51 GMT"
01.08.44.tif,55460.4 kb,"Sun, 06 Jun 2010 14:15:28 GMT"
01.08.52.tif,69960.3 kb,"Wed, 10 Nov 2010 14:31:03 GMT"
01.08.07.tif,68298.4 kb,"Wed, 10 Nov 2010 13:51:01 GMT"
01.08.05.tif,54474.2 kb,"Mon, 06 Jun 2011 17:35:29 GMT"
01.08.08.tif,60909.6 kb,"Mon, 06 Jun 2011 17:39:45 GMT"
01.08.71.tif,71471.6 kb,"Sun, 06 Jun 2010 13:22:35 GMT"
01.08.01.tif,34235.7 kb,"Thu, 03 Jun 2010 13:10:04 GMT"
01.08.04.tif,36575.3 kb,"Thu, 03 Jun 2010 13:04:55 GMT"
01.08.03.tif,33184.1 kb,"Thu, 03 Jun 2010 13:08:25 GMT"
01.12.10.tif,108480.9 kb,"Fri, 16 Jul 2010 17:49:19 GMT"
01.12.19.tif,115008.0 kb,"Fri, 16 Jul 2010 17:34:30 GMT"
01.05.46.tif,117966.6 kb,"Wed, 12 Jan 2011 20:49:40 GMT"
01.05.48.tif,116468.3 kb,"Wed, 12 Jan 2011 20:46:52 GMT"
01.05.43ab.tif,96953.5 kb,"Wed, 12 Jan 2011 20:43:04 GMT"
01.05.52ab.tif,94545.1 kb,"Wed, 12 Jan 2011 21:04:02 GMT"
01.05.26.tif,124579.2 kb,"Wed, 12 Jan 2011 20:17:08 GMT"
01.05.28.tif,121790.9 kb,"Wed, 12 Jan 2011 20:11:34 GMT"
01.05.13.tif,89324.7 kb,"Wed, 12 Jan 2011 19:39:28 GMT"
01.05.07.tif,76386.6 kb,"Wed, 12 Jan 2011 19:17:02 GMT"
01.05.01.tif,89566.5 kb,"Wed, 12 Jan 2011 19:02:16 GMT"
01.05.02.tif,91673.4 kb,"Wed, 12 Jan 2011 19:29:42 GMT"
01.19.04.tif,83363.6 kb,"Wed, 18 Aug 2010 00:57:58 GMT"
01.19.23.tif,76359.1 kb,"Wed, 18 Aug 2010 00:44:17 GMT"
01.19.73.tif,63635.8 kb,"Mon, 27 Sep 2010 17:10:38 GMT"
01.19.36.tif,69957.8 kb,"Mon, 27 Sep 2010 17:21:33 GMT"
01.16.31.tif,90038.4 kb,"Mon, 27 Sep 2010 13:12:45 GMT"
01.15.02.tif,67223.7 kb,"Mon, 27 Sep 2010 18:08:52 GMT"
01.15.14.tif,70223.7 kb,"Mon, 27 Sep 2010 13:29:13 GMT"
01.18.23.tif,73421.4 kb,"Wed, 29 Sep 2010 14:53:17 GMT"
01.17.16.tif,100660.6 kb,"Sat, 28 Aug 2010 13:33:52 GMT"
01.17.24.tif,99466.9 kb,"Sun, 29 Aug 2010 15:08:15 GMT"
01.16.47.tif,81464.6 kb,"Thu, 14 Oct 2010 19:53:07 GMT"
01.15.15.tif,113695.6 kb,"Sat, 17 Jul 2010 14:15:07 GMT"
01.15.25.tif,109466.1 kb,"Sat, 17 Jul 2010 14:06:10 GMT"
01.14.01.tif,103472.3 kb,"Mon, 23 Aug 2010 17:44:04 GMT"
01.14.55.tif,118075.8 kb,"Fri, 27 Aug 2010 18:25:24 GMT"
01.14.58.tif,126070.7 kb,"Fri, 27 Aug 2010 18:17:26 GMT"
01.14.46.tif,83348.9 kb,"Mon, 23 Aug 2010 17:25:26 GMT"
01.14.51.tif,101245.6 kb,"Fri, 27 Aug 2010 18:30:23 GMT"
01.16.44.tif,76637.4 kb,"Mon, 06 Jun 2011 18:02:20 GMT"
01.18.102.tif,27702.8 kb,"Thu, 29 Sep 2011 01:35:37 GMT"
01.18.113.tif,27609.2 kb,"Thu, 29 Sep 2011 01:37:00 GMT"
01.06.41.tif,94351.4 kb,"Tue, 11 Jan 2011 18:27:06 GMT"
01.06.52.tif,94802.8 kb,"Tue, 11 Jan 2011 18:48:48 GMT"
01.06.04.tif,122627.9 kb,"Tue, 11 Jan 2011 15:08:22 GMT"
01.06.20.tif,127542.5 kb,"Tue, 11 Jan 2011 18:17:46 GMT"
01.06.01.tif,113966.7 kb,"Tue, 11 Jan 2011 15:15:30 GMT"
01.19.58.tif,87377.0 kb,"Wed, 18 Aug 2010 11:47:11 GMT"
01.19.64.tif,82038.1 kb,"Wed, 18 Aug 2010 12:12:57 GMT"
01.19.46.tif,86316.9 kb,"Wed, 18 Aug 2010 00:05:11 GMT"
01.19.51.tif,87644.4 kb,"Wed, 18 Aug 2010 11:59:16 GMT"
01.21.03.tif,118095.7 kb,"Wed, 18 Aug 2010 21:02:16 GMT"
01.23.03.tif,101237.1 kb,"Tue, 24 Aug 2010 13:31:22 GMT"
01.23.15.tif,103154.5 kb,"Tue, 24 Aug 2010 20:20:31 GMT"
01.07.14.tif,27801.3 kb,"Wed, 28 Sep 2011 20:01:33 GMT"
01.07.26.tif,27274.1 kb,"Wed, 28 Sep 2011 20:02:35 GMT"
01.07.72.tif,65706.6 kb,"Wed, 28 Sep 2011 20:55:07 GMT"
01.07.68.tif,26241.6 kb,"Wed, 28 Sep 2011 20:31:41 GMT"
01.07.36.tif,104890.7 kb,"Tue, 11 Jan 2011 21:38:10 GMT"
01.07.38.tif,100151.7 kb,"Tue, 11 Jan 2011 21:34:50 GMT"
01.07.32.tif,87981.7 kb,"Tue, 11 Jan 2011 21:10:50 GMT"
01.07.42.tif,81640.2 kb,"Tue, 11 Jan 2011 21:29:36 GMT"
01.01.71.tif,83613.6 kb,"Wed, 29 Sep 2010 13:55:01 GMT"
01.22.03.tif,120824.5 kb,"Tue, 24 Aug 2010 12:31:32 GMT"
01.22.08.tif,119299.1 kb,"Tue, 24 Aug 2010 12:25:19 GMT"
01.01.05.tif,39244.5 kb,"Mon, 06 Jun 2011 16:54:20 GMT"
01.01.18.tif,38365.5 kb,"Mon, 06 Jun 2011 16:55:17 GMT"
01.01.01.tif,82374.3 kb,"Mon, 06 Jun 2011 16:51:19 GMT"
01.01.39.tif,102391.4 kb,"Mon, 06 Jun 2011 17:09:43 GMT"
01.23.22.tif,105328.1 kb,"Sun, 29 Aug 2010 14:56:42 GMT"
01.23.38.tif,99974.2 kb,"Sun, 29 Aug 2010 15:44:33 GMT"
01.23.53.tif,104123.2 kb,"Sun, 29 Aug 2010 15:28:32 GMT"
01.19.48.tif,106929.2 kb,"Mon, 27 Sep 2010 17:20:29 GMT"
01.19.60.tif,92950.2 kb,"Mon, 27 Sep 2010 17:14:03 GMT"
A213.tif,86967.2 kb,"Wed, 30 Mar 2011 08:34:03 GMT"
A227.tif,108889.0 kb,"Wed, 30 Mar 2011 10:07:04 GMT"
BF2532.tif,228583.1 kb,"Wed, 22 Oct 2008 15:59:48 GMT"
01.07.70.tif,25199.8 kb,"Wed, 28 Sep 2011 20:52:06 GMT"
01.07.06.tif,63704.6 kb,"Tue, 27 Sep 2011 02:47:39 GMT"
01.07.07.tif,51179.3 kb,"Tue, 27 Sep 2011 02:50:16 GMT"
BF1033.tif,186943.1 kb,"Mon, 06 Oct 2008 13:55:42 GMT"
BF1031.tif,139887.4 kb,"Mon, 06 Oct 2008 13:36:18 GMT"
2001.25.52.tif,74321.5 kb,"Wed, 30 May 2012 19:22:20 GMT"
01.04.52.tif,95543.5 kb,"Wed, 12 Jan 2011 19:09:14 GMT"
A422.tif,76013.8 kb,"Wed, 30 May 2012 19:18:46 GMT"
BF1166.tif,113374.7 kb,"Sun, 03 Jul 2011 09:45:01 GMT"
A418.tif,70341.4 kb,"Wed, 30 May 2012 19:19:02 GMT"
BF612.tif,219445.7 kb,"Tue, 12 Jun 2007 17:52:56 GMT"
BF1178.tif,201070.6 kb,"Tue, 14 Oct 2008 15:10:00 GMT"
01.12.33.tif,76917.4 kb,"Fri, 16 Jul 2010 19:29:45 GMT"
BF173.tif,90016.6 kb,"Wed, 06 Jun 2007 18:53:50 GMT"
BF287.tif,61784.5 kb,"Thu, 07 Jun 2007 16:48:18 GMT"
BF1162.tif,88144.6 kb,"Sun, 03 Jul 2011 09:32:53 GMT"
BF89.tif,196030.1 kb,"Mon, 08 Sep 2008 14:45:00 GMT"
BF358.tif,192963.8 kb,"Mon, 22 Oct 2007 20:45:08 GMT"
BF136.tif,202404.2 kb,"Mon, 10 Nov 2008 15:38:02 GMT"
BF67.tif,126634.6 kb,"Thu, 25 Oct 2007 16:38:08 GMT"
BF146.tif,175723.1 kb,"Thu, 08 Nov 2007 20:48:24 GMT"
BF912.tif,213591.2 kb,"Thu, 04 Sep 2008 20:03:02 GMT"
BF488.tif,225707.1 kb,"Mon, 25 Jun 2007 19:08:14 GMT"
BF2091.tif,190011.0 kb,"Thu, 09 Oct 2008 15:36:42 GMT"
BF744.tif,209287.8 kb,"Tue, 05 Jun 2007 17:07:34 GMT"
01.08.12.tif,78264.0 kb,"Wed, 10 Nov 2010 14:43:44 GMT"
BF113.tif,56821.1 kb,"Tue, 02 Jun 2009 18:51:34 GMT"
BF161.tif,191697.8 kb,"Mon, 26 Nov 2007 21:25:24 GMT"
BF1199.tif,170573.9 kb,"Mon, 22 Apr 2013 14:59:28 GMT"
BF602.tif,208301.1 kb,"Tue, 12 Jun 2007 15:42:44 GMT"
BF601.tif,192766.7 kb,"Wed, 13 Jun 2007 19:17:50 GMT"
01.18.48.tif,34004.9 kb,"Tue, 26 Jan 2010 20:34:43 GMT"
BF1087.tif,3675.5 kb,"Thu, 28 Oct 2004 13:41:53 GMT"
BF434.tif,46754.0 kb,"Fri, 10 Dec 2010 16:42:40 GMT"
BF2007.tif,483563.5 kb,"Wed, 13 Jun 2007 16:23:02 GMT"
BF549.tif,196181.0 kb,"Thu, 18 Oct 2007 14:51:14 GMT"
BF913.tif,202094.6 kb,"Wed, 17 Oct 2007 20:20:52 GMT"
BF394.tif,174594.2 kb,"Tue, 16 Oct 2007 17:07:54 GMT"
BF2540.tif,234024.6 kb,"Thu, 31 May 2007 18:20:56 GMT"
BF790.tif,193192.0 kb,"Wed, 10 Sep 2008 18:54:14 GMT"
BF2020.tif,32687.5 kb,"Wed, 01 Jul 2009 13:20:34 GMT"
BF202.tif,189279.2 kb,"Tue, 28 Oct 2008 13:40:24 GMT"
A4.tif,101964.5 kb,"Wed, 30 May 2012 19:32:02 GMT"
BF285.tif,103900.0 kb,"Wed, 24 Sep 2008 19:39:50 GMT"
BF637.tif,156104.2 kb,"Mon, 27 Oct 2008 14:06:36 GMT"
BF572.tif,190797.1 kb,"Wed, 12 Nov 2008 15:30:12 GMT"
01.12.37.tif,41726.8 kb,"Wed, 05 May 2010 14:38:30 GMT"
BF2550.tif,212206.0 kb,"Wed, 30 May 2007 15:14:58 GMT"
BF2010.tif,512822.5 kb,"Wed, 13 Jun 2007 16:06:48 GMT"
BF487.tif,47336.9 kb,"Tue, 19 Jan 2010 20:32:25 GMT"
01.08.47.tif,39791.4 kb,"Sun, 06 Jun 2010 14:18:07 GMT"
A299.tif,33079.1 kb,"Thu, 29 Apr 2010 18:49:13 GMT"
A302.tif,43340.7 kb,"Thu, 29 Apr 2010 18:49:55 GMT"
A63.tif,51124.2 kb,"Thu, 29 Apr 2010 18:48:56 GMT"
A58.tif,41011.3 kb,"Thu, 29 Apr 2010 18:48:20 GMT"
01.17.15.tif,82586.3 kb,"Sat, 28 Aug 2010 14:10:36 GMT"
01.17.27.tif,100230.4 kb,"Sun, 29 Aug 2010 15:06:06 GMT"
01.16.46.tif,81814.0 kb,"Mon, 27 Sep 2010 13:07:07 GMT"
01.01.73.tif,97264.5 kb,"Thu, 26 May 2011 14:37:03 GMT"
01.01.64.tif,91780.3 kb,"Wed, 29 Sep 2010 13:56:19 GMT"
01.01.68.tif,83434.5 kb,"Wed, 29 Sep 2010 13:55:26 GMT"
01.08.39.tif,114530.5 kb,"Wed, 10 Nov 2010 14:42:44 GMT"
01.08.45.tif,104911.4 kb,"Wed, 10 Nov 2010 14:37:14 GMT"
01.08.57.tif,57547.9 kb,"Sun, 06 Jun 2010 13:55:50 GMT"
01.08.38.tif,41413.1 kb,"Thu, 29 Sep 2011 00:51:51 GMT"
01.08.40.tif,58887.7 kb,"Wed, 10 Nov 2010 14:41:52 GMT"
01.08.62.tif,106773.5 kb,"Wed, 10 Nov 2010 15:14:15 GMT"
01.08.69.tif,107143.9 kb,"Wed, 10 Nov 2010 15:04:59 GMT"
01.12.25.tif,109628.1 kb,"Fri, 16 Jul 2010 17:21:58 GMT"
01.12.28.tif,108953.5 kb,"Fri, 16 Jul 2010 17:20:02 GMT"
01.12.02.tif,77580.8 kb,"Fri, 16 Jul 2010 17:56:26 GMT"
01.12.22.tif,105554.7 kb,"Fri, 16 Jul 2010 17:27:32 GMT"
01.12.03.tif,106568.9 kb,"Fri, 16 Jul 2010 17:54:18 GMT"
01.12.11.tif,100865.0 kb,"Fri, 16 Jul 2010 17:47:28 GMT"
01.05.49.tif,95562.9 kb,"Wed, 12 Jan 2011 20:40:46 GMT"
01.05.45.tif,114780.5 kb,"Wed, 12 Jan 2011 20:24:44 GMT"
01.05.50.tif,96262.6 kb,"Wed, 12 Jan 2011 20:40:02 GMT"
01.05.44.tif,85640.7 kb,"Wed, 12 Jan 2011 20:26:06 GMT"
01.05.51.tif,85577.1 kb,"Wed, 12 Jan 2011 20:38:52 GMT"
01.05.42.tif,115508.9 kb,"Wed, 12 Jan 2011 20:27:14 GMT"
01.05.20.tif,96162.0 kb,"Wed, 12 Jan 2011 19:57:10 GMT"
01.05.41.tif,99145.5 kb,"Wed, 12 Jan 2011 20:29:52 GMT"
01.05.21.tif,124571.6 kb,"Wed, 12 Jan 2011 19:56:06 GMT"
01.05.22.tif,112848.7 kb,"Wed, 12 Jan 2011 19:54:48 GMT"
01.05.08.tif,93222.2 kb,"Wed, 12 Jan 2011 19:16:08 GMT"
01.05.12.tif,87837.0 kb,"Wed, 12 Jan 2011 19:40:20 GMT"
01.05.14.tif,87286.8 kb,"Wed, 12 Jan 2011 19:38:46 GMT"
01.05.16.tif,92690.8 kb,"Wed, 12 Jan 2011 20:04:42 GMT"
01.05.17.tif,97681.2 kb,"Wed, 12 Jan 2011 20:03:40 GMT"
01.19.20.tif,108815.8 kb,"Wed, 18 Aug 2010 00:50:36 GMT"
01.19.31.tif,115215.8 kb,"Wed, 18 Aug 2010 00:35:55 GMT"
01.19.29.tif,105915.5 kb,"Wed, 18 Aug 2010 00:37:30 GMT"
01.19.26.tif,85806.2 kb,"Wed, 18 May 2011 23:00:08 GMT"
01.19.68.tif,83913.2 kb,"Wed, 18 Aug 2010 12:39:23 GMT"
01.19.02.tif,91320.5 kb,"Wed, 18 May 2011 23:07:34 GMT"
01.19.72.tif,83525.7 kb,"Sun, 29 Aug 2010 15:04:40 GMT"
01.16.43.tif,85491.7 kb,"Thu, 19 May 2011 00:07:21 GMT"
01.16.18.tif,39021.1 kb,"Thu, 14 Oct 2010 19:59:04 GMT"
01.16.17.tif,12887.6 kb,"Mon, 06 Jun 2011 17:56:18 GMT"
01.16.23.tif,13635.2 kb,"Mon, 06 Jun 2011 17:57:27 GMT"
01.16.12.tif,119031.5 kb,"Wed, 18 May 2011 23:20:46 GMT"
01.16.27.tif,66845.8 kb,"Mon, 06 Jun 2011 17:59:04 GMT"
01.15.39.tif,130068.8 kb,"Tue, 17 May 2011 13:32:39 GMT"
01.15.12.tif,98791.9 kb,"Wed, 18 May 2011 23:27:45 GMT"
01.18.01.tif,40477.3 kb,"Thu, 29 Sep 2011 00:55:53 GMT"
01.18.09.tif,38385.1 kb,"Thu, 29 Sep 2011 01:07:40 GMT"
01.18.20.tif,85832.5 kb,"Thu, 26 May 2011 14:30:11 GMT"
01.18.86.tif,104672.2 kb,"Thu, 26 May 2011 14:23:58 GMT"
01.18.19.tif,94060.4 kb,"Thu, 26 May 2011 14:31:57 GMT"
01.18.89.tif,116439.6 kb,"Thu, 26 May 2011 14:20:56 GMT"
01.17.18.tif,110803.3 kb,"Sun, 29 Aug 2010 15:12:02 GMT"
01.17.23.tif,108165.2 kb,"Sun, 29 Aug 2010 15:09:52 GMT"
01.15.19.tif,95933.0 kb,"Sat, 17 Jul 2010 14:12:19 GMT"
01.15.23.tif,95596.6 kb,"Sat, 17 Jul 2010 14:09:42 GMT"
01.14.74.tif,105790.8 kb,"Sun, 29 Aug 2010 12:28:03 GMT"
01.14.59.tif,116275.6 kb,"Fri, 27 Aug 2010 18:15:13 GMT"
01.14.52.tif,97942.4 kb,"Fri, 27 Aug 2010 18:28:51 GMT"
01.14.48.tif,56180.3 kb,"Thu, 19 May 2011 02:07:33 GMT"
01.14.50.tif,84783.9 kb,"Fri, 27 Aug 2010 18:33:39 GMT"
01.14.47.tif,110394.2 kb,"Mon, 23 Aug 2010 17:23:30 GMT"
01.14.45.tif,101093.8 kb,"Mon, 23 Aug 2010 17:28:04 GMT"
01.14.29.tif,75085.6 kb,"Mon, 27 Sep 2010 12:07:36 GMT"
01.14.39.tif,77187.6 kb,"Mon, 27 Sep 2010 13:37:16 GMT"
01.17.06.tif,102961.7 kb,"Sun, 29 Aug 2010 12:19:59 GMT"
01.17.03.tif,95471.8 kb,"Sun, 29 Aug 2010 12:22:34 GMT"
01.18.97.tif,78703.0 kb,"Wed, 18 May 2011 23:10:58 GMT"
01.06.42.tif,77196.2 kb,"Tue, 11 Jan 2011 18:26:24 GMT"
01.06.51.tif,70123.3 kb,"Tue, 11 Jan 2011 18:49:54 GMT"
01.06.29.tif,96613.1 kb,"Tue, 11 Jan 2011 18:03:56 GMT"
01.06.34.tif,87526.1 kb,"Tue, 11 Jan 2011 18:37:00 GMT"
01.19.59.tif,92017.9 kb,"Wed, 18 Aug 2010 12:20:40 GMT"
01.19.63.tif,96589.8 kb,"Wed, 18 Aug 2010 12:14:32 GMT"
01.19.54.tif,104786.0 kb,"Wed, 18 Aug 2010 11:54:58 GMT"
01.19.55.tif,102123.5 kb,"Wed, 18 Aug 2010 11:54:01 GMT"
01.21.02.tif,105387.9 kb,"Thu, 19 Aug 2010 00:08:02 GMT"
01.21.04.tif,73871.8 kb,"Thu, 19 Aug 2010 13:10:48 GMT"
01.23.10.tif,112880.6 kb,"Tue, 24 Aug 2010 20:27:47 GMT"
01.07.16.tif,106728.8 kb,"Tue, 11 Jan 2011 21:20:00 GMT"
01.07.25.tif,104509.5 kb,"Tue, 11 Jan 2011 21:18:26 GMT"
01.07.08.tif,35928.9 kb,"Tue, 27 Sep 2011 02:54:12 GMT"
01.07.03.tif,46563.7 kb,"Tue, 27 Sep 2011 02:36:38 GMT"
01.07.05.tif,47366.5 kb,"Tue, 27 Sep 2011 02:42:52 GMT"
01.21.20.tif,97919.4 kb,"Thu, 19 Aug 2010 12:45:14 GMT"
01.07.54.tif,56318.7 kb,"Wed, 28 Sep 2011 20:27:19 GMT"
01.07.67.tif,44646.0 kb,"Wed, 28 Sep 2011 20:45:03 GMT"
01.07.47.tif,103435.3 kb,"Tue, 11 Jan 2011 21:53:34 GMT"
01.07.48.tif,106136.2 kb,"Tue, 11 Jan 2011 21:52:48 GMT"
01.07.46.tif,83959.0 kb,"Tue, 11 Jan 2011 21:54:50 GMT"
01.07.29.tif,88652.0 kb,"Tue, 11 Jan 2011 21:17:02 GMT"
01.01.63.tif,115431.0 kb,"Wed, 29 Sep 2010 13:57:13 GMT"
01.21.24.tif,101576.0 kb,"Mon, 23 Aug 2010 18:29:22 GMT"
01.22.12.tif,113699.9 kb,"Tue, 24 Aug 2010 12:20:14 GMT"
01.22.13.tif,116850.5 kb,"Tue, 24 Aug 2010 12:19:07 GMT"
01.22.09.tif,119586.7 kb,"Tue, 24 Aug 2010 12:23:20 GMT"
01.22.42.tif,85981.8 kb,"Tue, 24 Aug 2010 13:35:02 GMT"
01.22.39.tif,89149.1 kb,"Tue, 24 Aug 2010 13:39:02 GMT"
01.22.32.tif,86652.3 kb,"Tue, 24 Aug 2010 13:45:58 GMT"
01.22.28.tif,92520.2 kb,"Tue, 24 Aug 2010 13:48:11 GMT"
01.22.27.tif,106616.1 kb,"Tue, 24 Aug 2010 13:49:07 GMT"
01.01.15.tif,74080.2 kb,"Wed, 29 Sep 2010 13:04:17 GMT"
01.01.32.tif,91139.4 kb,"Wed, 29 Sep 2010 13:38:32 GMT"
01.01.02.tif,102443.3 kb,"Wed, 18 May 2011 22:38:39 GMT"
01.01.51.tif,80587.2 kb,"Mon, 06 Jun 2011 17:12:54 GMT"
01.01.48.tif,106894.8 kb,"Thu, 26 May 2011 14:46:19 GMT"
01.01.47.tif,89736.4 kb,"Thu, 26 May 2011 14:47:29 GMT"
01.01.43.tif,98111.7 kb,"Thu, 26 May 2011 14:53:50 GMT"
01.01.44.tif,85669.2 kb,"Thu, 26 May 2011 14:50:37 GMT"
01.23.21.tif,135000.6 kb,"Sun, 29 Aug 2010 14:57:58 GMT"
01.23.41.tif,114931.1 kb,"Sun, 29 Aug 2010 15:39:13 GMT"
01.07.65.tif,57798.4 kb,"Wed, 28 Sep 2011 20:42:12 GMT"
01.19.56.tif,88604.6 kb,"Wed, 18 Aug 2010 11:53:10 GMT"
01.01.42.tif,94451.1 kb,"Thu, 26 May 2011 14:54:46 GMT"
01.08.74.tif,69991.5 kb,"Wed, 10 Nov 2010 14:57:55 GMT"
01.05.39.tif,98820.6 kb,"Wed, 12 Jan 2011 19:59:10 GMT"
01.05.18.tif,94434.0 kb,"Wed, 12 Jan 2011 20:00:20 GMT"
01.19.05.tif,87276.1 kb,"Wed, 18 Aug 2010 00:56:21 GMT"
01.19.24.tif,86862.0 kb,"Wed, 18 Aug 2010 00:43:20 GMT"
01.19.09.tif,105241.3 kb,"Wed, 18 Aug 2010 00:51:51 GMT"
01.19.35.tif,86100.7 kb,"Wed, 18 May 2011 22:51:54 GMT"
01.14.22.tif,80285.1 kb,"Tue, 26 Oct 2010 14:19:41 GMT"
01.07.60.tif,25828.3 kb,"Wed, 28 Sep 2011 20:40:39 GMT"
01.07.56.tif,19944.6 kb,"Wed, 28 Sep 2011 20:33:04 GMT"
01.07.66.tif,57134.8 kb,"Wed, 28 Sep 2011 20:43:31 GMT"
BF812.tif,182884.8 kb,"Tue, 16 Sep 2008 18:02:40 GMT"
BF715.tif,196597.7 kb,"Wed, 22 Oct 2008 18:16:30 GMT"
BF722.tif,179581.0 kb,"Wed, 22 Oct 2008 18:35:50 GMT"
01.23.67.tif,54807.7 kb,"Wed, 19 May 2010 12:31:08 GMT"
01.24.19.tif,57538.7 kb,"Fri, 14 May 2010 13:20:36 GMT"
01.23.55.tif,62463.6 kb,"Wed, 19 May 2010 12:34:01 GMT"
01.20.21.tif,48388.9 kb,"Wed, 19 May 2010 14:33:04 GMT"
01.05.06.tif,107558.9 kb,"Wed, 12 Jan 2011 19:23:00 GMT"
01.05.10.tif,126156.6 kb,"Wed, 12 Jan 2011 19:43:40 GMT"
01.06.55.tif,112989.8 kb,"Tue, 11 Jan 2011 18:43:04 GMT"
01.19.57.tif,98997.1 kb,"Wed, 18 Aug 2010 11:49:04 GMT"
01.19.65.tif,105748.5 kb,"Wed, 18 Aug 2010 12:10:57 GMT"
01.07.69.tif,56564.0 kb,"Wed, 28 Sep 2011 20:49:47 GMT"
01.07.53.tif,56599.7 kb,"Wed, 28 Sep 2011 20:23:16 GMT"
01.21.35b.tif,111518.1 kb,"Mon, 23 Aug 2010 20:32:43 GMT"
01.21.35c.tif,112604.9 kb,"Mon, 23 Aug 2010 20:30:00 GMT"
01.22.16.tif,119621.0 kb,"Tue, 24 Aug 2010 12:16:00 GMT"
BF413.tif,50449.8 kb,"Fri, 10 Dec 2010 18:49:00 GMT"
BF542.tif,189607.9 kb,"Thu, 06 Dec 2007 19:51:08 GMT"
BF514.tif,5448.3 kb,"Tue, 15 Nov 2005 21:35:07 GMT"
BF757.tif,201697.1 kb,"Mon, 05 Nov 2007 20:50:20 GMT"
BF592.tif,46070.6 kb,"Mon, 25 Jan 2010 23:54:08 GMT"
BF298.tif,46587.2 kb,"Tue, 19 Jan 2010 20:20:04 GMT"
BF236.tif,182363.6 kb,"Wed, 24 Oct 2007 20:40:06 GMT"
BF215.tif,187136.7 kb,"Wed, 05 Dec 2007 19:36:22 GMT"
BF43.tif,150309.2 kb,"Thu, 06 Dec 2007 19:31:14 GMT"
BF818.tif,203335.9 kb,"Wed, 28 Nov 2007 21:17:12 GMT"
BF536.tif,110190.6 kb,"Tue, 23 Oct 2007 20:04:52 GMT"
BF537.tif,123292.3 kb,"Tue, 23 Oct 2007 20:29:52 GMT"
BF1061.tif,160594.4 kb,"Tue, 23 Oct 2007 19:38:32 GMT"
BF74.tif,201524.4 kb,"Tue, 27 Nov 2007 21:10:12 GMT"
BF502.tif,61074.3 kb,"Fri, 10 Dec 2010 16:39:33 GMT"
BF428.tif,184482.3 kb,"Thu, 09 Oct 2008 19:08:56 GMT"
BF545.tif,190360.2 kb,"Wed, 08 Oct 2008 15:10:58 GMT"
BF855.tif,185094.4 kb,"Mon, 24 Nov 2008 18:44:58 GMT"
BF979.tif,232635.4 kb,"Tue, 29 May 2007 16:31:22 GMT"
BF357.tif,206364.8 kb,"Tue, 25 Nov 2008 17:14:16 GMT"
BF332.tif,202399.7 kb,"Thu, 02 Oct 2008 18:03:02 GMT"
BF627.tif,156957.9 kb,"Thu, 31 May 2007 18:17:58 GMT"
BF315.tif,189400.8 kb,"Thu, 09 Oct 2008 14:00:26 GMT"
BF480.tif,260133.8 kb,"Wed, 27 Jun 2007 20:54:56 GMT"
BF198.tif,238713.7 kb,"Thu, 31 May 2007 19:36:12 GMT"
BF1135.tif,193301.9 kb,"Mon, 18 Jun 2007 15:47:54 GMT"
BF257.tif,189992.0 kb,"Mon, 26 Nov 2007 20:50:50 GMT"
BF389.tif,223872.2 kb,"Tue, 29 May 2007 16:25:42 GMT"
BF2064.tif,45782.6 kb,"Fri, 10 Dec 2010 18:42:01 GMT"
BF2032.tif,105248.5 kb,"Wed, 29 Apr 2009 19:41:40 GMT"
BF395.tif,60387.9 kb,"Thu, 27 May 2010 18:23:53 GMT"
BF884.tif,188627.6 kb,"Wed, 28 Nov 2007 22:00:34 GMT"
BF541.tif,195091.9 kb,"Thu, 29 Nov 2007 19:24:00 GMT"
BF922.tif,174997.8 kb,"Wed, 31 Oct 2007 14:22:32 GMT"
BF733.tif,176547.1 kb,"Tue, 12 Jun 2007 19:05:16 GMT"
BF19.tif,163266.3 kb,"Thu, 06 Dec 2007 17:27:58 GMT"
BF590.tif,236178.5 kb,"Tue, 29 May 2007 19:42:58 GMT"
BF1164.tif,91735.0 kb,"Sun, 03 Jul 2011 09:41:22 GMT"
BF927.tif,221384.0 kb,"Thu, 31 May 2007 18:47:46 GMT"
BF851.tif,178650.4 kb,"Mon, 03 Nov 2008 19:20:42 GMT"
01.15.28.tif,85535.3 kb,"Sat, 17 Jul 2010 13:58:38 GMT"
01.16.02.tif,33981.7 kb,"Mon, 06 Jun 2011 17:51:19 GMT"
BF957.tif,206215.8 kb,"Thu, 06 Nov 2008 19:13:28 GMT"
BF719.tif,55370.6 kb,"Tue, 08 Jun 2010 18:52:36 GMT"
BF859.tif,180268.8 kb,"Thu, 29 Nov 2007 19:42:02 GMT"
BF245.tif,204740.8 kb,"Mon, 03 Dec 2007 20:05:06 GMT"
BF653.tif,47560.6 kb,"Thu, 27 May 2010 13:13:05 GMT"
BF862.tif,915337.1 kb,"Mon, 05 Nov 2007 15:24:38 GMT"
BF36.tif,202782.6 kb,"Thu, 04 Sep 2008 19:19:34 GMT"
BF974.tif,194769.8 kb,"Wed, 31 Oct 2007 14:52:40 GMT"
BF338.tif,75626.5 kb,"Thu, 07 Jun 2007 14:34:38 GMT"
BF2043.tif,49780.8 kb,"Tue, 19 Jan 2010 20:45:32 GMT"
BF714.tif,187013.7 kb,"Mon, 27 Oct 2008 19:40:34 GMT"
01.14.26.tif,33393.4 kb,"Thu, 29 Apr 2010 15:31:28 GMT"
01.15.20.tif,39129.1 kb,"Thu, 29 Apr 2010 15:20:56 GMT"
01.15.24.tif,31346.6 kb,"Thu, 29 Apr 2010 15:18:43 GMT"
BF2523.tif,182709.0 kb,"Tue, 21 Oct 2008 19:03:32 GMT"
BF874.tif,215488.6 kb,"Mon, 03 Dec 2007 17:39:04 GMT"
BF2536.tif,190420.4 kb,"Thu, 23 Oct 2008 18:38:54 GMT"
01.08.46.tif,28447.9 kb,"Thu, 03 Jun 2010 12:17:34 GMT"
01.17.14.tif,99618.5 kb,"Sat, 28 Aug 2010 17:25:50 GMT"
01.17.26.tif,72151.9 kb,"Sun, 29 Aug 2010 15:06:56 GMT"
01.21.22.tif,108436.5 kb,"Thu, 19 Aug 2010 12:43:19 GMT"
01.23.56.tif,110513.8 kb,"Sun, 29 Aug 2010 15:25:12 GMT"
01.23.65.tif,104315.3 kb,"Sun, 29 Aug 2010 15:22:42 GMT"
01.13.68.tif,58666.3 kb,"Mon, 04 Jul 2011 08:27:15 GMT"
01.13.34.tif,66258.6 kb,"Wed, 18 May 2011 23:42:51 GMT"
01.08.50.tif,92632.2 kb,"Mon, 11 Oct 2010 13:18:59 GMT"
BF860.tif,207873.1 kb,"Mon, 03 Dec 2007 21:02:10 GMT"
BF2013.tif,512536.5 kb,"Wed, 13 Jun 2007 16:09:14 GMT"
BF1070.tif,510791.4 kb,"Wed, 13 Jun 2007 16:15:20 GMT"
BF45.tif,27389.3 kb,"Fri, 27 Jan 2017 12:50:25 GMT"
BF2074.tif,210677.7 kb,"Wed, 08 Oct 2008 14:34:52 GMT"
BF261.tif,99110.5 kb,"Thu, 25 Sep 2008 15:39:38 GMT"
BF710.tif,202188.1 kb,"Mon, 08 Sep 2008 19:43:24 GMT"
BF141.tif,228583.9 kb,"Thu, 20 Dec 2007 15:23:26 GMT"
BF197.tif,177148.8 kb,"Thu, 06 Nov 2008 14:03:14 GMT"
BF316.tif,204336.5 kb,"Thu, 11 Sep 2008 15:37:02 GMT"
BF852.tif,197901.3 kb,"Thu, 30 Oct 2008 17:17:40 GMT"
A10.tif,86577.0 kb,"Sat, 26 Feb 2011 16:47:02 GMT"
A138.tif,98748.9 kb,"Mon, 04 Apr 2011 14:20:54 GMT"
A267.tif,97440.1 kb,"Sat, 26 Mar 2011 09:19:07 GMT"
A175.tif,99524.4 kb,"Tue, 29 Mar 2011 13:39:19 GMT"
A198.tif,55878.5 kb,"Thu, 27 May 2010 18:55:32 GMT"
A182.tif,81704.3 kb,"Tue, 29 Mar 2011 14:30:40 GMT"
A195.tif,107500.6 kb,"Tue, 29 Mar 2011 15:14:57 GMT"
A251.tif,114232.3 kb,"Wed, 30 Mar 2011 11:15:21 GMT"
A194.tif,107113.3 kb,"Tue, 29 Mar 2011 14:02:58 GMT"
A220.tif,111777.6 kb,"Wed, 30 Mar 2011 09:11:12 GMT"
A252.tif,77796.1 kb,"Thu, 24 Mar 2011 21:27:20 GMT"
A145.tif,105256.9 kb,"Mon, 04 Apr 2011 15:12:51 GMT"
A117.tif,97663.9 kb,"Mon, 04 Apr 2011 10:05:27 GMT"
A191.tif,112517.2 kb,"Tue, 29 Mar 2011 14:13:10 GMT"
A254.tif,111789.8 kb,"Wed, 30 Mar 2011 11:08:20 GMT"
BF682.tif,182702.8 kb,"Tue, 28 Oct 2008 19:20:20 GMT"
A137.tif,116575.7 kb,"Mon, 04 Apr 2011 14:29:15 GMT"
A262.tif,61375.2 kb,"Thu, 27 May 2010 18:47:51 GMT"
BF1037.tif,192131.6 kb,"Mon, 18 Jun 2007 18:52:18 GMT"
BF462.tif,208603.8 kb,"Thu, 23 Oct 2008 13:52:10 GMT"
BF378.tif,80315.9 kb,"Mon, 29 Sep 2008 14:05:10 GMT"
BF660.tif,171132.7 kb,"Tue, 19 Jun 2007 15:02:08 GMT"
BF775.tif,161966.4 kb,"Wed, 10 Sep 2008 15:55:46 GMT"
BF773.tif,162705.0 kb,"Wed, 10 Sep 2008 15:33:18 GMT"
BF1134.tif,194523.9 kb,"Thu, 04 Sep 2008 14:28:40 GMT"
01.24.02.tif,228588.6 kb,"Mon, 08 Dec 2008 19:45:52 GMT"
BF727.tif,210553.8 kb,"Mon, 18 Jun 2007 16:10:00 GMT"
BF216.tif,207101.2 kb,"Tue, 29 May 2007 18:50:58 GMT"
BF661.tif,201707.2 kb,"Wed, 20 Jun 2007 14:09:14 GMT"
BF776.tif,192954.0 kb,"Tue, 04 Nov 2008 16:12:16 GMT"
BF2071.tif,42848.8 kb,"Fri, 10 Dec 2010 16:33:05 GMT"
BF308.tif,207113.3 kb,"Wed, 30 May 2007 19:32:28 GMT"
BF1055.tif,124814.5 kb,"Wed, 03 Dec 2008 16:30:18 GMT"
BF971.tif,215700.2 kb,"Thu, 16 Oct 2008 17:48:18 GMT"
BF265.tif,214917.4 kb,"Wed, 05 Aug 2009 21:40:04 GMT"
BF864.tif,212560.8 kb,"Wed, 08 Oct 2008 17:27:22 GMT"
A132.tif,123975.7 kb,"Mon, 04 Apr 2011 13:30:45 GMT"
A224.tif,116955.8 kb,"Wed, 30 Mar 2011 09:47:28 GMT"
A219.tif,122473.7 kb,"Wed, 30 Mar 2011 11:16:34 GMT"
A271.tif,111395.5 kb,"Tue, 22 Mar 2011 19:41:08 GMT"
A229.tif,136052.6 kb,"Wed, 30 Mar 2011 11:24:03 GMT"
A106.tif,117667.8 kb,"Mon, 04 Apr 2011 10:20:14 GMT"
A279.tif,121145.8 kb,"Wed, 23 Mar 2011 07:48:51 GMT"
A128.tif,109717.6 kb,"Mon, 04 Apr 2011 13:44:53 GMT"
A277.tif,125258.8 kb,"Wed, 23 Mar 2011 08:04:01 GMT"
A101.tif,99772.0 kb,"Tue, 03 May 2011 21:01:27 GMT"
A110.tif,98721.7 kb,"Mon, 04 Apr 2011 10:12:16 GMT"
A259.tif,107740.0 kb,"Fri, 25 Mar 2011 07:48:36 GMT"
A133.tif,108847.9 kb,"Mon, 04 Apr 2011 13:23:21 GMT"
A126.tif,112233.4 kb,"Mon, 04 Apr 2011 10:34:48 GMT"
A147.tif,99794.4 kb,"Mon, 04 Apr 2011 15:05:12 GMT"
A141.tif,111318.7 kb,"Mon, 04 Apr 2011 13:59:52 GMT"
A281.tif,115265.3 kb,"Wed, 23 Mar 2011 08:38:15 GMT"
BF666.tif,173261.0 kb,"Tue, 28 Oct 2008 17:20:18 GMT"
BF343.tif,157027.0 kb,"Tue, 29 May 2007 16:11:52 GMT"
BF221.tif,210026.6 kb,"Tue, 27 Nov 2007 16:04:48 GMT"
BF871.tif,177403.9 kb,"Tue, 16 Sep 2008 14:29:12 GMT"
BF964.tif,158585.6 kb,"Tue, 04 Nov 2008 18:59:40 GMT"
BF788.tif,214987.3 kb,"Wed, 01 Oct 2008 14:17:22 GMT"
BF619.tif,189214.3 kb,"Tue, 12 Jun 2007 18:48:08 GMT"
BF165.tif,196656.1 kb,"Mon, 08 Sep 2008 18:24:08 GMT"
01.04.24a.tif,61836.5 kb,"Tue, 03 May 2011 20:21:16 GMT"
01.04.24b.tif,66910.3 kb,"Tue, 03 May 2011 20:18:43 GMT"
01.18.42.tif,28597.9 kb,"Tue, 26 Jan 2010 20:08:14 GMT"
BF1144.tif,236174.2 kb,"Mon, 11 Jun 2007 20:21:08 GMT"
BF415.tif,151058.3 kb,"Wed, 01 Oct 2008 19:42:50 GMT"
BF533.tif,78930.2 kb,"Tue, 09 Nov 2004 15:10:20 GMT"
BF811.tif,104143.1 kb,"Tue, 28 Apr 2009 20:14:14 GMT"
BF397.tif,181935.0 kb,"Tue, 25 Nov 2008 15:21:34 GMT"
BF725.tif,198158.7 kb,"Mon, 10 Nov 2008 15:54:36 GMT"
BF13.tif,90304.0 kb,"Mon, 20 Sep 2004 17:57:12 GMT"
BF654.tif,50510.7 kb,"Thu, 27 May 2010 13:11:13 GMT"
BF652.tif,49281.3 kb,"Thu, 27 May 2010 13:14:23 GMT"
BF288.tif,158336.0 kb,"Mon, 26 Nov 2007 17:14:16 GMT"
BF1141.tif,200648.4 kb,"Thu, 13 Nov 2008 19:48:30 GMT"
BF890.tif,147895.1 kb,"Thu, 18 Oct 2007 13:55:40 GMT"
01.11.65.tif,77170.7 kb,"Fri, 16 Jul 2010 18:04:13 GMT"
A256.tif,98843.4 kb,"Thu, 24 Mar 2011 21:06:12 GMT"
BF2553.tif,178870.0 kb,"Thu, 21 Jun 2007 16:32:50 GMT"
BF335.tif,191566.7 kb,"Tue, 25 Nov 2008 20:24:30 GMT"
A239.tif,114225.3 kb,"Wed, 10 Dec 2008 19:17:52 GMT"
BF2066.tif,186174.4 kb,"Wed, 01 Oct 2008 15:42:56 GMT"
BF466.tif,202659.6 kb,"Wed, 30 May 2007 14:10:38 GMT"
BF465.tif,198779.9 kb,"Wed, 30 May 2007 14:33:04 GMT"
BF589.tif,190040.4 kb,"Wed, 05 Nov 2008 19:50:34 GMT"
A282.tif,120114.2 kb,"Wed, 23 Mar 2011 09:10:32 GMT"
BF1138.tif,180339.9 kb,"Thu, 13 Nov 2008 18:34:02 GMT"
BF817.tif,198907.7 kb,"Tue, 16 Sep 2008 13:58:44 GMT"
BF560.tif,166169.1 kb,"Tue, 28 Oct 2008 12:53:34 GMT"
BF203.tif,165169.9 kb,"Tue, 28 Oct 2008 14:46:30 GMT"
BF748.tif,202808.1 kb,"Thu, 14 Jun 2007 14:14:56 GMT"
BF989.tif,861987.6 kb,"Mon, 10 Dec 2007 21:21:04 GMT"
BF657.tif,188958.1 kb,"Thu, 21 Jun 2007 14:06:36 GMT"
BF1072.tif,221499.8 kb,"Thu, 14 Jun 2007 15:40:06 GMT"
BF1075.tif,208543.2 kb,"Wed, 13 Jun 2007 18:51:42 GMT"
BF1073.tif,213073.8 kb,"Thu, 14 Jun 2007 15:19:38 GMT"
BF1068.tif,228748.6 kb,"Tue, 12 Jun 2007 16:27:56 GMT"
BF437.tif,180878.2 kb,"Wed, 12 Nov 2008 19:31:56 GMT"
BF700.tif,189276.8 kb,"Wed, 22 Oct 2008 13:41:46 GMT"
BF362.tif,195299.2 kb,"Thu, 09 Oct 2008 18:19:04 GMT"
BF2084.tif,201859.3 kb,"Tue, 05 Jun 2007 20:57:42 GMT"
A334.tif,60614.3 kb,"Fri, 11 Mar 2011 16:26:52 GMT"
A351.tif,64029.9 kb,"Fri, 11 Mar 2011 16:05:30 GMT"
A364.tif,64172.7 kb,"Fri, 11 Mar 2011 16:54:00 GMT"
A390.tif,77088.5 kb,"Wed, 06 Apr 2011 15:25:35 GMT"
A402.tif,51492.9 kb,"Fri, 11 Mar 2011 16:24:47 GMT"
A335.tif,71955.7 kb,"Fri, 11 Mar 2011 16:16:10 GMT"
BF2037.tif,204411.5 kb,"Tue, 05 Jun 2007 20:09:22 GMT"
BF763.tif,239238.7 kb,"Tue, 19 Jun 2007 19:17:06 GMT"
BF2028.tif,230752.4 kb,"Mon, 25 Jun 2007 19:43:06 GMT"
BF2011.tif,511078.5 kb,"Wed, 13 Jun 2007 16:14:04 GMT"
01.07.35.tif,96827.6 kb,"Tue, 11 Jan 2011 21:09:36 GMT"
01.07.40.tif,106932.2 kb,"Tue, 11 Jan 2011 21:32:48 GMT"
BF2027.tif,182895.3 kb,"Mon, 11 Jun 2007 19:04:48 GMT"
BF609.tif,219563.5 kb,"Thu, 31 May 2007 15:18:38 GMT"
BF670.tif,172421.8 kb,"Mon, 27 Oct 2008 19:24:58 GMT"
BF573.tif,191567.4 kb,"Wed, 12 Nov 2008 14:58:50 GMT"
BF691.tif,156620.9 kb,"Mon, 27 Oct 2008 15:49:04 GMT"
BF122.tif,202018.6 kb,"Wed, 29 Oct 2008 13:30:34 GMT"
BF385.tif,232257.7 kb,"Tue, 12 Jun 2007 17:43:56 GMT"
BF403.tif,47515.4 kb,"Tue, 19 Jan 2010 20:40:49 GMT"
BF734.tif,193800.4 kb,"Mon, 11 Jun 2007 16:51:54 GMT"
BF157.tif,209096.6 kb,"Wed, 28 Nov 2007 20:51:22 GMT"
BF54.tif,154084.9 kb,"Wed, 24 Oct 2007 18:36:22 GMT"
BF1142.tif,150970.3 kb,"Thu, 25 Oct 2007 19:20:24 GMT"
BF683.tif,197074.3 kb,"Mon, 27 Oct 2008 14:51:04 GMT"
BF680.tif,175767.8 kb,"Tue, 28 Oct 2008 18:30:56 GMT"
BF401.tif,167160.8 kb,"Thu, 31 May 2007 18:19:30 GMT"
BF473.tif,56463.9 kb,"Mon, 25 Jan 2010 23:40:17 GMT"
BF976.tif,212813.2 kb,"Tue, 30 Oct 2007 20:45:04 GMT"
BF207.tif,121398.3 kb,"Thu, 13 Dec 2007 14:59:44 GMT"
BF975.tif,182713.1 kb,"Wed, 07 Nov 2007 17:10:18 GMT"
BF956.tif,200439.7 kb,"Mon, 22 Oct 2007 15:55:36 GMT"
BF1170.tif,167372.2 kb,"Tue, 23 Oct 2007 15:32:48 GMT"
BF147.tif,179383.7 kb,"Wed, 28 Nov 2007 17:27:22 GMT"
BF674.tif,168308.5 kb,"Tue, 28 Oct 2008 18:41:30 GMT"
BF524.tif,46534.2 kb,"Mon, 25 Jan 2010 23:48:00 GMT"
BF1015.tif,167386.9 kb,"Wed, 01 Oct 2008 12:51:16 GMT"
01.08.75.tif,87873.2 kb,"Wed, 10 Nov 2010 14:56:28 GMT"
BF2507.tif,220838.0 kb,"Tue, 05 Jun 2007 13:46:32 GMT"
BF1136.tif,199634.0 kb,"Tue, 04 Dec 2007 16:49:22 GMT"
bf520.tif,49197.4 kb,"Tue, 26 Jun 2007 20:23:00 GMT"
BF709.tif,198188.2 kb,"Wed, 07 Nov 2007 21:30:26 GMT"
BF361.tif,425994.4 kb,"Tue, 13 Feb 2018 16:01:55 GMT"
01.02.47.tif,70646.2 kb,"Wed, 21 Apr 2010 21:26:09 GMT"
91.06.10.tif,75097.1 kb,"Thu, 26 Apr 2012 11:04:34 GMT"
01.14.67.tif,91995.1 kb,"Mon, 23 Aug 2010 17:16:38 GMT"
01.18.08.tif,157829.3 kb,"Thu, 09 Jun 2011 23:38:21 GMT"
BF598.tif,108252.6 kb,"Tue, 23 Sep 2008 14:11:48 GMT"
BF191.tif,98999.2 kb,"Tue, 23 Sep 2008 15:56:48 GMT"
01.09.43.tif,72768.4 kb,"Fri, 21 Oct 2011 20:33:18 GMT"
01.11.41ab.tif,335254.3 kb,"Fri, 06 Jan 2017 20:54:18 GMT"
BF82.tif,228560.6 kb,"Tue, 09 Nov 2010 23:47:29 GMT"
01.10.06.tif,64486.6 kb,"Sat, 22 Oct 2011 02:03:12 GMT"
BF689.1.tif,76262.4 kb,"Mon, 22 Sep 2008 15:34:18 GMT"
01.04.07.tif,87205.6 kb,"Fri, 21 Oct 2011 20:49:59 GMT"
01.11.08.tif,87980.8 kb,"Thu, 21 Jun 2012 15:07:09 GMT"
01.16.25.tif,159643.4 kb,"Wed, 07 Dec 2016 17:37:49 GMT"
BF1194.tif,134562.6 kb,"Mon, 11 Mar 2013 16:31:14 GMT"
BF241.tif,199963.8 kb,"Thu, 04 Sep 2008 14:07:32 GMT"
01.23.68.tif,89590.5 kb,"Tue, 24 Aug 2010 20:13:26 GMT"
01.11.46.tif,67478.8 kb,"Sat, 22 Oct 2011 02:41:09 GMT"
01.11.32.tif,60293.6 kb,"Sat, 22 Oct 2011 02:47:50 GMT"
01.14.65.tif,87866.1 kb,"Mon, 23 Aug 2010 17:19:52 GMT"
01.14.62.tif,113475.9 kb,"Fri, 27 Aug 2010 17:48:10 GMT"
01.14.73.tif,95157.4 kb,"Fri, 21 Oct 2011 20:52:43 GMT"
01.14.60.tif,107582.5 kb,"Fri, 27 Aug 2010 18:14:19 GMT"
01.14.76.tif,105004.0 kb,"Sun, 29 Aug 2010 12:26:22 GMT"
01.14.04.tif,65098.6 kb,"Tue, 26 Oct 2010 14:29:08 GMT"
01.14.21.tif,77948.9 kb,"Tue, 26 Oct 2010 14:22:09 GMT"
01.14.23.tif,104753.4 kb,"Mon, 23 Aug 2010 17:37:03 GMT"
01.07.55.tif,64999.8 kb,"Tue, 19 Oct 2010 17:31:37 GMT"
01.22.33.tif,88279.7 kb,"Tue, 24 Aug 2010 13:45:13 GMT"
01.14.70ae.tif,50053.2 kb,"Fri, 23 Apr 2010 15:43:34 GMT"
A320.tif,5761.9 kb,"Fri, 10 Sep 2004 14:44:48 GMT"
01.11.42.tif,147300.4 kb,"Thu, 15 Dec 2016 17:19:43 GMT"
01.15.10.tif,82935.1 kb,"Wed, 30 May 2012 19:34:34 GMT"
01.14.63.tif,105113.2 kb,"Sun, 29 Aug 2010 12:31:30 GMT"
01.14.18.tif,96722.0 kb,"Tue, 26 Oct 2010 14:24:30 GMT"
01.14.02.tif,93608.4 kb,"Tue, 26 Oct 2010 14:31:54 GMT"
01.14.54.tif,122434.9 kb,"Fri, 27 Aug 2010 18:26:46 GMT"
01.14.03.tif,102054.6 kb,"Tue, 26 Oct 2010 14:30:38 GMT"
01.14.20.tif,96294.5 kb,"Tue, 26 Oct 2010 14:23:06 GMT"
01.15.38.tif,58042.9 kb,"Sat, 22 Oct 2011 02:23:46 GMT"
BF4.tif,155325.0 kb,"Thu, 06 Dec 2007 19:12:16 GMT"
BF948.tif,201736.0 kb,"Tue, 27 Nov 2007 21:25:08 GMT"
BF334.tif,104441.1 kb,"Tue, 23 Sep 2008 15:34:30 GMT"
BF529.tif,129393.6 kb,"Mon, 11 Mar 2013 16:33:20 GMT"
BF1050.tif,157940.0 kb,"Tue, 02 Dec 2008 16:00:32 GMT"
BF1180.tif,115681.2 kb,"Mon, 11 Mar 2013 16:31:36 GMT"
BF699.tif,47456.7 kb,"Tue, 26 Oct 2004 14:44:28 GMT"
01.10.21.tif,80209.2 kb,"Fri, 21 Oct 2011 20:42:50 GMT"
BF895.tif,115831.3 kb,"Mon, 11 Mar 2013 16:32:00 GMT"
BF13.tif,202388.2 kb,"Tue, 09 Sep 2008 16:19:50 GMT"
BF621.tif,131945.9 kb,"Thu, 31 May 2007 14:35:48 GMT"
BF689.2.tif,80182.0 kb,"Mon, 22 Sep 2008 15:44:48 GMT"
A130.tif,108916.4 kb,"Mon, 04 Apr 2011 13:38:55 GMT"
BF695.tif,192454.9 kb,"Thu, 31 May 2007 18:43:06 GMT"
BF289.tif,192371.7 kb,"Mon, 26 Nov 2007 17:00:32 GMT"
BF2.tif,152479.2 kb,"Wed, 24 Oct 2007 14:06:28 GMT"
BF61.tif,142622.9 kb,"Thu, 08 Nov 2007 17:17:28 GMT"
BF1017.tif,194915.3 kb,"Mon, 27 Oct 2008 13:37:54 GMT"
BF1009.tif,162226.4 kb,"Mon, 27 Oct 2008 15:37:14 GMT"
BF1022.tif,207919.2 kb,"Mon, 06 Oct 2008 14:54:58 GMT"
BF1026.tif,203926.1 kb,"Wed, 01 Oct 2008 13:35:28 GMT"
BF1019.tif,181677.8 kb,"Thu, 13 Nov 2008 19:09:48 GMT"
BF1010.tif,200122.7 kb,"Wed, 01 Oct 2008 13:54:48 GMT"
BF1032.tif,195464.8 kb,"Tue, 07 Oct 2008 15:33:16 GMT"
BF844.tif,188326.7 kb,"Mon, 24 Nov 2008 16:59:32 GMT"
01.15.01.tif,77249.7 kb,"Mon, 27 Sep 2010 13:35:39 GMT"
01.16.19ab.tif,70900.2 kb,"Wed, 30 May 2012 19:34:13 GMT"
01.16.22ab.tif,79230.6 kb,"Wed, 30 May 2012 19:34:06 GMT"
BF375.tif,96480.2 kb,"Thu, 25 Sep 2008 14:32:30 GMT"
A274.tif,98712.5 kb,"Tue, 22 Mar 2011 20:22:28 GMT"
A253.tif,115909.8 kb,"Thu, 24 Mar 2011 21:20:55 GMT"
A250.tif,111915.6 kb,"Thu, 24 Mar 2011 21:31:23 GMT"
BF1161.tif,78818.9 kb,"Sun, 03 Jul 2011 09:30:22 GMT"
01.06.14.tif,87914.5 kb,"Tue, 11 Jan 2011 16:16:38 GMT"
BF78.tif,104007.9 kb,"Tue, 23 Sep 2008 13:15:16 GMT"
01.01.72.tif,82004.5 kb,"Wed, 29 Sep 2010 13:54:08 GMT"
BF49.tif,228827.6 kb,"Thu, 25 Oct 2007 18:51:28 GMT"
BF134.tif,179684.4 kb,"Wed, 29 Oct 2008 18:20:20 GMT"
BF131.tif,183952.5 kb,"Wed, 29 Oct 2008 18:04:34 GMT"
BF209.tif,221281.9 kb,"Thu, 04 Sep 2008 19:47:20 GMT"
A387.tif,42621.3 kb,"Wed, 06 Apr 2011 15:22:25 GMT"
A264.tif,93462.3 kb,"Sat, 26 Mar 2011 08:26:42 GMT"
BF240.tif,210086.7 kb,"Tue, 30 Oct 2007 20:08:18 GMT"
BF2554.tif,141528.2 kb,"Tue, 05 Jun 2007 18:20:14 GMT"
BF822.tif,191992.0 kb,"Tue, 04 Nov 2008 18:35:20 GMT"
BF339.tif,161099.5 kb,"Thu, 31 May 2007 19:39:24 GMT"
BF567.tif,191816.2 kb,"Mon, 26 Nov 2007 21:42:22 GMT"
01.11.51.tif,78326.3 kb,"Mon, 11 Oct 2010 17:44:27 GMT"
01.11.29.tif,75145.2 kb,"Mon, 11 Oct 2010 17:22:20 GMT"
BF85.tif,150846.4 kb,"Wed, 29 Oct 2008 18:54:30 GMT"
BF738.tif,199560.6 kb,"Thu, 23 Oct 2008 18:03:44 GMT"
01.19.66.tif,85710.4 kb,"Wed, 18 Aug 2010 12:06:43 GMT"
01.19.67.tif,88626.4 kb,"Wed, 18 Aug 2010 12:40:01 GMT"
01.01.53b.tif,93235.3 kb,"Thu, 14 Oct 2010 17:51:51 GMT"
01.01.59b.tif,88624.5 kb,"Thu, 14 Oct 2010 19:34:05 GMT"
01.14.34.tif,81404.1 kb,"Wed, 30 May 2012 19:35:14 GMT"
01.18.83.tif,39660.6 kb,"Tue, 26 Jan 2010 14:23:47 GMT"
01.18.63.tif,23499.0 kb,"Wed, 27 Jan 2010 13:58:18 GMT"
BF1004.tif,194519.4 kb,"Wed, 22 Oct 2008 18:00:04 GMT"
BF2518.tif,217997.2 kb,"Tue, 14 Oct 2008 15:31:06 GMT"
01.18.17.tif,78456.5 kb,"Wed, 29 Sep 2010 13:48:32 GMT"
01.01.46.tif,95177.6 kb,"Thu, 26 May 2011 14:49:11 GMT"
01.01.27.tif,85141.3 kb,"Wed, 29 Sep 2010 13:42:03 GMT"
01.01.34.tif,31780.6 kb,"Thu, 26 May 2011 15:02:37 GMT"
BF18.tif,178396.7 kb,"Thu, 04 Sep 2008 13:52:02 GMT"
BF50.tif,170849.2 kb,"Thu, 04 Sep 2008 13:55:02 GMT"
BF1140.tif,88370.8 kb,"Thu, 25 Sep 2008 18:52:02 GMT"
BF24.tif,163577.2 kb,"Thu, 08 Nov 2007 16:51:00 GMT"
BF29.tif,139018.6 kb,"Thu, 25 Oct 2007 16:15:00 GMT"
BF2537.tif,193598.7 kb,"Wed, 30 May 2007 16:40:04 GMT"
BF340.tif,201459.2 kb,"Tue, 12 Jun 2007 17:36:40 GMT"
BF168.tif,101619.4 kb,"Thu, 07 Jun 2007 17:54:32 GMT"
A160.tif,97156.6 kb,"Mon, 04 Apr 2011 21:14:37 GMT"
A189.tif,107169.8 kb,"Mon, 04 Apr 2011 20:55:23 GMT"
BF420.tif,181488.9 kb,"Thu, 11 Sep 2008 18:06:22 GMT"
BF867.tif,200167.8 kb,"Thu, 11 Sep 2008 14:49:00 GMT"
BF595.tif,152342.9 kb,"Tue, 11 Dec 2007 19:47:24 GMT"
BF5.tif,186508.4 kb,"Tue, 16 Sep 2008 18:58:20 GMT"
BF70.tif,134695.4 kb,"Tue, 11 Dec 2007 21:21:06 GMT"
BF950.tif,193355.4 kb,"Tue, 06 Nov 2007 20:34:16 GMT"
BF422.tif,105546.0 kb,"Wed, 24 Sep 2008 20:13:26 GMT"
BF712.tif,199745.4 kb,"Tue, 27 Nov 2007 19:32:32 GMT"
BF565.tif,174409.8 kb,"Tue, 30 Oct 2007 19:27:14 GMT"
BF1080.tif,2169.1 kb,"Sun, 17 Sep 2006 20:35:55 GMT"
BF836.tif,191164.1 kb,"Thu, 18 Sep 2008 12:56:16 GMT"
BF854.tif,197948.5 kb,"Thu, 18 Sep 2008 13:25:38 GMT"
BF837.tif,191013.2 kb,"Tue, 16 Sep 2008 18:27:14 GMT"
BF865.tif,214941.4 kb,"Tue, 16 Sep 2008 15:51:38 GMT"
BF440.tif,170343.1 kb,"Thu, 11 Sep 2008 17:26:10 GMT"
BF774.tif,175123.0 kb,"Wed, 29 Oct 2008 15:51:44 GMT"
BF827.tif,203380.8 kb,"Mon, 15 Sep 2008 19:24:52 GMT"
BF850.tif,155861.3 kb,"Tue, 07 Oct 2008 19:18:44 GMT"
BF993.tif,184310.9 kb,"Tue, 12 Jun 2007 19:08:42 GMT"
BF830.tif,187190.6 kb,"Tue, 16 Sep 2008 19:29:02 GMT"
BF987.tif,173765.0 kb,"Thu, 06 Dec 2007 20:24:20 GMT"
BF262.tif,193395.1 kb,"Wed, 17 Sep 2008 19:15:26 GMT"
BF463.tif,198406.4 kb,"Thu, 30 Oct 2008 18:43:48 GMT"
BF80.tif,170621.3 kb,"Mon, 03 Nov 2008 20:30:28 GMT"
BF809.tif,173224.3 kb,"Thu, 11 Sep 2008 15:09:50 GMT"
BF832.tif,194113.2 kb,"Mon, 20 Oct 2008 15:29:20 GMT"
BF164.tif,205033.4 kb,"Tue, 09 Sep 2008 15:25:50 GMT"
BF260.tif,101787.8 kb,"Mon, 29 Sep 2008 14:36:50 GMT"
BF1060.tif,170068.6 kb,"Tue, 11 Dec 2007 20:26:40 GMT"
BF86.tif,4177.8 kb,"Sun, 17 Sep 2006 20:20:56 GMT"
01.08.49.tif,90199.5 kb,"Fri, 29 Jul 2011 13:36:03 GMT"
01.12.32.tif,102124.4 kb,"Fri, 16 Jul 2010 19:31:20 GMT"
01.07.59.tif,26104.7 kb,"Wed, 28 Sep 2011 20:38:19 GMT"
BF291.tif,32765.9 kb,"Wed, 01 Jul 2009 13:19:00 GMT"
BF367.tif,67094.9 kb,"Mon, 29 Sep 2008 13:30:44 GMT"
BF797.tif,187438.5 kb,"Mon, 15 Sep 2008 15:02:30 GMT"
BF571.tif,806187.0 kb,"Tue, 11 Dec 2007 15:10:36 GMT"
2001.25.53.tif,90362.5 kb,"Wed, 30 May 2012 19:22:07 GMT"
2001.25.51.tif,84165.9 kb,"Wed, 30 May 2012 19:22:25 GMT"
01.23.60.tif,38009.9 kb,"Thu, 29 Apr 2010 18:44:14 GMT"
01.23.61.tif,27184.2 kb,"Thu, 29 Apr 2010 18:44:54 GMT"
01.18.109.tif,83657.1 kb,"Mon, 11 Oct 2010 18:07:01 GMT"
BF138.tif,221526.7 kb,"Fri, 08 Jun 2007 12:28:32 GMT"
BF1186.tif,154767.8 kb,"Thu, 04 Sep 2008 15:48:20 GMT"
BF634.tif,92195.7 kb,"Thu, 25 Sep 2008 19:15:32 GMT"
01.21.06a.tif,104190.1 kb,"Thu, 19 Aug 2010 13:07:50 GMT"
A205.tif,99347.9 kb,"Tue, 26 Jul 2011 14:42:18 GMT"
BF107.tif,216027.4 kb,"Thu, 29 Nov 2007 17:23:00 GMT"
BF302.tif,198820.0 kb,"Tue, 04 Dec 2007 19:20:20 GMT"
01.14.08.tif,102713.3 kb,"Mon, 27 Sep 2010 13:16:21 GMT"
01.23.42.tif,61054.0 kb,"Sun, 29 Aug 2010 15:37:28 GMT"
BF669.tif,186643.9 kb,"Tue, 12 Jun 2007 13:36:12 GMT"
BF204.tif,187872.7 kb,"Mon, 22 Oct 2007 14:59:38 GMT"
BF631.tif,178651.0 kb,"Thu, 31 May 2007 18:28:06 GMT"
BF97.tif,145648.1 kb,"Tue, 30 Oct 2007 18:44:48 GMT"
BF720.tif,197075.9 kb,"Wed, 26 Nov 2008 15:44:52 GMT"
BF903.tif,141081.5 kb,"Tue, 30 Oct 2007 16:38:54 GMT"
BF199.tif,186373.2 kb,"Wed, 17 Oct 2007 14:14:04 GMT"
BF576.tif,114277.2 kb,"Wed, 24 Sep 2008 18:54:02 GMT"
BF955.tif,196161.1 kb,"Wed, 24 Oct 2007 15:24:44 GMT"
BF923.tif,183860.8 kb,"Thu, 18 Oct 2007 16:07:22 GMT"
BF305.tif,45774.4 kb,"Fri, 10 Dec 2010 18:40:17 GMT"
BF953.tif,99473.4 kb,"Mon, 29 Sep 2008 17:38:32 GMT"
BF366.tif,207636.1 kb,"Mon, 10 Nov 2008 17:11:38 GMT"
BF448.tif,211976.4 kb,"Tue, 16 Oct 2007 16:22:14 GMT"
BF881.tif,217484.1 kb,"Thu, 18 Oct 2007 14:24:08 GMT"
BF706.tif,174321.1 kb,"Wed, 22 Oct 2008 13:17:52 GMT"
A87.tif,97528.3 kb,"Wed, 30 May 2012 19:18:13 GMT"
A50.tif,103575.7 kb,"Wed, 30 May 2012 19:18:33 GMT"
A159.tif,118529.0 kb,"Wed, 30 May 2012 19:20:13 GMT"
BF206.tif,190699.7 kb,"Mon, 22 Apr 2013 14:53:58 GMT"
01.23.14.tif,103301.8 kb,"Tue, 24 Aug 2010 20:21:58 GMT"
01.23.18.tif,104669.8 kb,"Tue, 24 Aug 2010 20:19:19 GMT"
A161.tif,101264.1 kb,"Wed, 30 May 2012 19:19:50 GMT"
A144.tif,107039.9 kb,"Mon, 04 Apr 2011 15:20:35 GMT"
A150.tif,102917.5 kb,"Mon, 04 Apr 2011 14:51:35 GMT"
A124.tif,118283.0 kb,"Mon, 04 Apr 2011 10:42:00 GMT"
01.18.24.tif,81906.7 kb,"Wed, 29 Sep 2010 14:45:22 GMT"
BF540.tif,165108.1 kb,"Tue, 13 Nov 2007 21:47:34 GMT"
BF808.tif,168530.8 kb,"Mon, 15 Sep 2008 18:49:46 GMT"
A340.tif,101226.3 kb,"Sat, 04 Sep 2010 13:58:39 GMT"
A330.tif,12125.6 kb,"Thu, 13 Oct 2011 01:32:38 GMT"
A332.tif,7804.1 kb,"Thu, 13 Oct 2011 01:33:21 GMT"
A52.tif,88768.6 kb,"Fri, 03 Sep 2010 17:21:28 GMT"
A21.tif,107600.2 kb,"Fri, 03 Sep 2010 13:48:08 GMT"
A167.tif,86268.4 kb,"Fri, 03 Sep 2010 20:10:06 GMT"
A81.tif,90372.6 kb,"Fri, 03 Sep 2010 19:18:34 GMT"
A23.tif,98346.4 kb,"Fri, 03 Sep 2010 13:42:42 GMT"
A9.tif,95746.6 kb,"Fri, 03 Sep 2010 13:03:20 GMT"
A120.tif,91012.2 kb,"Fri, 03 Sep 2010 18:51:08 GMT"
A344.tif,99307.1 kb,"Sat, 04 Sep 2010 15:39:37 GMT"
BF232.tif,228827.6 kb,"Wed, 14 Nov 2007 18:29:28 GMT"
BF973.tif,190011.8 kb,"Thu, 04 Sep 2008 15:07:02 GMT"
BF484.tif,46977.2 kb,"Tue, 19 Jan 2010 20:47:42 GMT"
BF2046.tif,44512.3 kb,"Mon, 25 Jan 2010 23:43:46 GMT"
BF286.tif,197292.9 kb,"Mon, 08 Sep 2008 18:49:44 GMT"
BF2079.tif,173688.6 kb,"Thu, 31 May 2007 16:20:14 GMT"
BF1168.tif,127514.2 kb,"Thu, 25 Oct 2007 14:15:26 GMT"
BF110.tif,133473.4 kb,"Thu, 25 Oct 2007 15:52:50 GMT"
01.01.13.tif,68988.5 kb,"Wed, 29 Sep 2010 13:06:38 GMT"
01.01.14.tif,65086.7 kb,"Wed, 29 Sep 2010 13:07:03 GMT"
BF1036.tif,26367.1 kb,"Mon, 11 Apr 2005 12:53:55 GMT"
BF2090.tif,186042.2 kb,"Wed, 15 Oct 2008 14:04:42 GMT"
BF1152.tif,212360.3 kb,"Wed, 30 May 2007 14:23:36 GMT"
BF1081.tif,166059.1 kb,"Thu, 09 Oct 2008 15:03:38 GMT"
BF907.tif,182569.3 kb,"Tue, 14 Oct 2008 14:26:50 GMT"
BF2541.tif,186998.1 kb,"Tue, 04 Nov 2008 19:29:14 GMT"
BF325.tif,191513.0 kb,"Wed, 14 Nov 2007 17:05:02 GMT"
BF1030.tif,72967.4 kb,"Tue, 30 Sep 2008 15:36:26 GMT"
BF1034.tif,212863.4 kb,"Mon, 06 Oct 2008 18:00:28 GMT"
BF1007.tif,217047.6 kb,"Tue, 07 Oct 2008 15:08:14 GMT"
BF1020.tif,186773.7 kb,"Tue, 04 Nov 2008 19:40:36 GMT"
BF833.tif,198218.3 kb,"Wed, 17 Sep 2008 14:02:28 GMT"
BF1057.tif,209923.4 kb,"Wed, 08 Oct 2008 13:44:14 GMT"
BF872.tif,71730.6 kb,"Mon, 22 Sep 2008 14:53:12 GMT"
BF842.tif,217073.3 kb,"Wed, 17 Sep 2008 18:44:52 GMT"
BF873.tif,199466.8 kb,"Thu, 18 Sep 2008 14:18:58 GMT"
BF2093.tif,192641.6 kb,"Wed, 08 Oct 2008 18:35:42 GMT"
BF1016.tif,188329.7 kb,"Wed, 12 Nov 2008 20:23:44 GMT"
BF1014.tif,174414.1 kb,"Tue, 04 Nov 2008 15:45:32 GMT"
BF1028.tif,196419.0 kb,"Tue, 07 Oct 2008 17:26:34 GMT"
BF804.tif,196722.3 kb,"Mon, 15 Sep 2008 14:10:08 GMT"
BF1023.tif,209779.9 kb,"Tue, 07 Oct 2008 14:26:30 GMT"
BF1058.tif,185763.6 kb,"Wed, 08 Oct 2008 13:29:20 GMT"
A300.tif,108526.3 kb,"Mon, 11 Jan 2016 20:33:05 GMT"
BF1012.tif,182871.3 kb,"Wed, 01 Oct 2008 13:17:16 GMT"
BF1024.tif,181844.7 kb,"Tue, 07 Oct 2008 17:51:24 GMT"
BF224.tif,221609.4 kb,"Wed, 26 Nov 2008 14:19:58 GMT"
BF238.tif,228584.9 kb,"Wed, 15 Oct 2008 15:57:56 GMT"
BF1011.tif,199061.5 kb,"Thu, 13 Nov 2008 19:28:46 GMT"
BF622.tif,191563.9 kb,"Mon, 06 Oct 2008 18:25:06 GMT"
BF32.tif,196887.0 kb,"Tue, 25 Nov 2008 19:58:58 GMT"
BF1018.tif,187948.6 kb,"Thu, 13 Nov 2008 15:25:46 GMT"
BF1021.tif,200882.5 kb,"Mon, 06 Oct 2008 14:37:26 GMT"
BF1013.tif,202026.4 kb,"Thu, 13 Nov 2008 20:08:12 GMT"
A438.tif,114947.0 kb,"Tue, 07 Dec 2010 21:15:31 GMT"
BF1008.tif,119133.7 kb,"Tue, 30 Sep 2008 15:52:40 GMT"
BF30.tif,228585.0 kb,"Wed, 05 Nov 2008 15:57:04 GMT"
BF95.tif,199166.7 kb,"Wed, 05 Nov 2008 16:28:18 GMT"
01.18.38.tif,25149.6 kb,"Tue, 26 Jan 2010 21:50:56 GMT"
01.18.60.tif,21702.4 kb,"Wed, 27 Jan 2010 02:18:45 GMT"
01.18.56.tif,26906.8 kb,"Wed, 27 Jan 2010 02:16:35 GMT"
01.03.12.tif,76518.7 kb,"Mon, 11 Oct 2010 13:04:23 GMT"
01.13.02.tif,75348.1 kb,"Mon, 11 Oct 2010 17:43:01 GMT"
01.13.27.tif,76004.0 kb,"Mon, 11 Oct 2010 17:41:15 GMT"
01.04.27.tif,124118.4 kb,"Mon, 11 Oct 2010 13:02:55 GMT"
01.18.115.tif,68816.0 kb,"Mon, 11 Oct 2010 18:47:24 GMT"
01.18.104.tif,113405.5 kb,"Mon, 11 Oct 2010 18:10:13 GMT"
BF1027.tif,210076.2 kb,"Tue, 07 Oct 2008 14:48:46 GMT"
01.18.03.tif,50138.4 kb,"Thu, 29 Sep 2011 01:05:14 GMT"
01.17.10.tif,131741.5 kb,"Sun, 29 Aug 2010 01:23:39 GMT"
BF1076.tif,209856.9 kb,"Thu, 14 Jun 2007 14:50:06 GMT"
BF1051.tif,141523.3 kb,"Tue, 02 Dec 2008 19:17:10 GMT"
01.06.06.tif,120030.9 kb,"Tue, 11 Jan 2011 15:04:04 GMT"
01.19.45.tif,98581.9 kb,"Wed, 18 Aug 2010 00:22:23 GMT"
01.19.53.tif,94323.6 kb,"Wed, 18 Aug 2010 11:56:39 GMT"
BF584.tif,212519.6 kb,"Thu, 16 Oct 2008 15:46:32 GMT"
A268.tif,101168.6 kb,"Sat, 26 Mar 2011 09:10:39 GMT"
A263.tif,107576.1 kb,"Sat, 26 Mar 2011 08:34:35 GMT"
A168.tif,85850.7 kb,"Wed, 04 May 2011 10:24:56 GMT"
A169.tif,83164.1 kb,"Wed, 04 May 2011 10:14:02 GMT"
A202.tif,89020.4 kb,"Wed, 04 May 2011 11:12:53 GMT"
A109.tif,86559.3 kb,"Tue, 03 May 2011 20:48:43 GMT"
01.06.17.tif,50974.6 kb,"Thu, 27 May 2010 13:36:33 GMT"
BF568.tif,228583.5 kb,"Mon, 15 Sep 2008 18:26:24 GMT"
BF550.tif,209020.5 kb,"Tue, 29 May 2007 17:13:56 GMT"
BF561.tif,222810.5 kb,"Mon, 04 Jun 2007 16:57:06 GMT"
BF1002.tif,216660.6 kb,"Tue, 05 Jun 2007 19:10:56 GMT"
A197.tif,113376.1 kb,"Wed, 04 May 2011 10:44:30 GMT"
A276.tif,129809.5 kb,"Wed, 04 May 2011 11:04:34 GMT"
A13.tif,118257.9 kb,"Wed, 30 May 2012 19:20:40 GMT"
A196.tif,115393.5 kb,"Mon, 04 Apr 2011 21:26:47 GMT"
A209.tif,101182.1 kb,"Thu, 24 Mar 2011 20:09:10 GMT"
BF16.tif,204788.1 kb,"Tue, 04 Dec 2007 17:02:08 GMT"
BF2060.tif,209810.3 kb,"Mon, 04 Jun 2007 20:14:56 GMT"
BF229.tif,175171.2 kb,"Tue, 12 Jun 2007 14:00:02 GMT"
BF483.tif,235637.0 kb,"Tue, 12 Jun 2007 17:41:54 GMT"
BF2512.tif,91994.5 kb,"Tue, 30 Sep 2008 13:54:04 GMT"
BF456.tif,135998.0 kb,"Wed, 12 Dec 2007 19:43:48 GMT"
BF192.tif,199441.6 kb,"Mon, 25 Jun 2007 19:52:46 GMT"
BF212.tif,187000.0 kb,"Mon, 22 Oct 2007 19:45:42 GMT"
BF880.tif,103018.3 kb,"Wed, 17 Oct 2007 18:13:14 GMT"
BF237.tif,198288.9 kb,"Wed, 28 Nov 2007 18:02:26 GMT"
BF264.tif,765999.5 kb,"Wed, 19 Dec 2007 16:08:56 GMT"
BF48.tif,199628.5 kb,"Wed, 05 Dec 2007 17:35:16 GMT"
BF2029.tif,45929.6 kb,"Fri, 10 Dec 2010 18:38:24 GMT"
BF596.tif,144470.1 kb,"Tue, 11 Dec 2007 19:31:22 GMT"
01.27.02.tif,103208.9 kb,"Thu, 30 Apr 2009 17:35:26 GMT"
BF105.tif,235496.1 kb,"Tue, 26 Jun 2007 19:00:10 GMT"
BF2004.tif,26615.2 kb,"Tue, 07 Sep 2004 15:45:11 GMT"
01.24.01.tif,198931.1 kb,"Mon, 08 Dec 2008 20:34:52 GMT"
BF786.tif,139733.3 kb,"Tue, 30 Sep 2008 18:41:56 GMT"
BF606.tif,157968.4 kb,"Thu, 14 Jun 2007 16:35:46 GMT"
BF762.tif,190014.6 kb,"Tue, 19 Jun 2007 13:52:40 GMT"
01.08.35.tif,45841.4 kb,"Thu, 29 Sep 2011 00:45:51 GMT"
BF1005.tif,208296.9 kb,"Wed, 22 Oct 2008 17:42:34 GMT"
01.13.08.tif,50911.9 kb,"Wed, 05 May 2010 14:28:28 GMT"
01.13.20.tif,50500.6 kb,"Wed, 05 May 2010 14:28:11 GMT"
01.10.11.tif,42967.6 kb,"Wed, 05 May 2010 14:53:25 GMT"
01.19.21.tif,51846.6 kb,"Wed, 19 May 2010 18:57:09 GMT"
01.19.08.tif,60045.2 kb,"Wed, 19 May 2010 14:59:42 GMT"
01.14.05.tif,47673.0 kb,"Thu, 29 Apr 2010 17:10:26 GMT"
01.14.19.tif,50181.3 kb,"Thu, 29 Apr 2010 17:03:03 GMT"
01.02.40.tif,42820.5 kb,"Thu, 03 Jun 2010 13:19:39 GMT"
BF868.tif,183912.7 kb,"Thu, 11 Sep 2008 18:31:18 GMT"
BF617.tif,143754.4 kb,"Thu, 14 Jun 2007 18:58:54 GMT"
01.16.07.tif,66141.5 kb,"Wed, 18 May 2011 23:23:16 GMT"
01.06.28.tif,120010.5 kb,"Tue, 02 Aug 2011 18:57:42 GMT"
BF671.tif,187965.1 kb,"Tue, 28 Oct 2008 14:36:12 GMT"
BF687.tif,175712.4 kb,"Mon, 27 Oct 2008 17:42:38 GMT"
BF35.tif,135633.4 kb,"Fri, 02 Jul 2010 19:21:10 GMT"
BF220.tif,140671.3 kb,"Tue, 11 Dec 2007 20:03:38 GMT"
01.10.25.tif,46991.2 kb,"Thu, 27 May 2010 13:28:01 GMT"
01.17.22.tif,44549.0 kb,"Wed, 19 May 2010 15:19:17 GMT"
BF521.tif,50069.2 kb,"Fri, 10 Dec 2010 18:48:06 GMT"
BF977.tif,135936.8 kb,"Mon, 22 Sep 2008 13:04:36 GMT"
BF133.tif,130900.8 kb,"Tue, 23 Oct 2007 16:14:48 GMT"
BF2053.tif,179088.8 kb,"Mon, 24 Nov 2008 16:05:10 GMT"
BF575.tif,46662.0 kb,"Thu, 18 Nov 2004 19:11:24 GMT"
BF764.tif,142700.1 kb,"Fri, 13 Jan 2017 16:26:02 GMT"
BF249.tif,217431.5 kb,"Thu, 31 May 2007 18:04:44 GMT"
BF732.tif,180620.8 kb,"Mon, 18 Jun 2007 16:35:54 GMT"
BF703.tif,212561.1 kb,"Wed, 13 Jun 2007 20:01:04 GMT"
BF194.tif,246746.8 kb,"Thu, 31 May 2007 18:31:24 GMT"
01.12.31.tif,120701.0 kb,"Fri, 16 Jul 2010 19:33:37 GMT"
01.19.22.tif,135612.8 kb,"Wed, 18 Aug 2010 00:47:49 GMT"
01.19.07.tif,137416.6 kb,"Wed, 18 Aug 2010 00:55:28 GMT"
01.18.90.tif,107825.6 kb,"Mon, 27 Sep 2010 13:02:37 GMT"
01.18.18.tif,47622.7 kb,"Thu, 29 Sep 2011 01:17:56 GMT"
01.21.06b.tif,107824.4 kb,"Thu, 19 Aug 2010 13:03:20 GMT"
01.21.06c.tif,127096.5 kb,"Thu, 19 Aug 2010 12:55:26 GMT"
01.07.30.tif,117462.2 kb,"Tue, 11 Jan 2011 21:15:50 GMT"
01.19.25.tif,86135.4 kb,"Thu, 24 Mar 2011 18:12:52 GMT"
01.19.06.tif,78777.2 kb,"Mon, 29 Nov 2010 14:05:59 GMT"
01.21.57.tif,55457.1 kb,"Sat, 24 Apr 2010 17:23:17 GMT"
A218.tif,93585.8 kb,"Wed, 30 Mar 2011 09:20:23 GMT"
A183.tif,93665.9 kb,"Tue, 29 Mar 2011 14:25:13 GMT"
BF983.tif,218364.3 kb,"Wed, 30 May 2007 16:24:38 GMT"
A337.tif,70288.7 kb,"Fri, 11 Mar 2011 16:52:12 GMT"
A385.tif,74667.6 kb,"Wed, 06 Apr 2011 15:20:11 GMT"
A377.tif,69357.8 kb,"Fri, 11 Mar 2011 16:00:57 GMT"
A405.tif,66334.2 kb,"Fri, 11 Mar 2011 16:22:13 GMT"
A171.tif,90692.3 kb,"Fri, 03 Sep 2010 20:05:00 GMT"
A134.tif,118515.1 kb,"Fri, 03 Sep 2010 18:46:02 GMT"
A170.tif,61516.6 kb,"Fri, 11 Mar 2011 16:12:00 GMT"
A155.tif,61235.6 kb,"Fri, 11 Mar 2011 16:08:39 GMT"
A3.tif,83694.1 kb,"Fri, 03 Sep 2010 13:10:38 GMT"
A30.tif,83651.6 kb,"Wed, 06 Apr 2011 15:09:29 GMT"
A69.tif,81855.3 kb,"Fri, 11 Mar 2011 15:55:08 GMT"
A72.tif,72271.3 kb,"Fri, 11 Mar 2011 15:58:11 GMT"
A71.tif,75672.8 kb,"Wed, 06 Apr 2011 15:13:39 GMT"
A100.tif,64908.3 kb,"Fri, 11 Mar 2011 16:55:56 GMT"
A29.tif,74189.0 kb,"Fri, 11 Mar 2011 17:00:04 GMT"
A79.tif,84030.3 kb,"Wed, 06 Apr 2011 15:16:53 GMT"
01.09.07.tif,48239.8 kb,"Wed, 05 May 2010 14:58:02 GMT"
BF965.tif,208424.1 kb,"Mon, 03 Dec 2007 20:20:26 GMT"
BF84.tif,179771.2 kb,"Tue, 23 Oct 2007 15:01:14 GMT"
BF943.tif,48119.1 kb,"Fri, 10 Dec 2010 16:36:36 GMT"
A230.tif,61774.0 kb,"Fri, 04 Jun 2010 20:35:22 GMT"
BF2024.tif,182666.0 kb,"Mon, 25 Jun 2007 20:03:40 GMT"
BF112.tif,134890.0 kb,"Thu, 13 Dec 2007 19:51:40 GMT"
BF182.tif,210180.8 kb,"Tue, 12 Jun 2007 13:10:36 GMT"
BF184.tif,141977.5 kb,"Wed, 17 Oct 2007 20:52:22 GMT"
BF535.tif,151048.7 kb,"Wed, 05 Dec 2007 20:34:52 GMT"
01.13.52ac.tif,71471.4 kb,"Fri, 23 Apr 2010 20:03:49 GMT"
A7.tif,107293.7 kb,"Wed, 30 May 2012 19:31:11 GMT"
A1.tif,93518.2 kb,"Wed, 30 May 2012 19:33:08 GMT"
A6.tif,66862.3 kb,"Wed, 30 May 2012 19:31:26 GMT"
01.22.43.tif,94354.4 kb,"Fri, 29 Jul 2011 13:41:17 GMT"
BF525.tif,48305.8 kb,"Fri, 10 Dec 2010 18:41:06 GMT"
BF2085.tif,35913.5 kb,"Wed, 30 May 2007 18:54:40 GMT"
BF433.tif,190173.6 kb,"Tue, 21 Oct 2008 13:47:50 GMT"
BF2059.tif,223967.6 kb,"Tue, 19 Jun 2007 19:15:16 GMT"
BF2070.tif,197894.9 kb,"Mon, 20 Oct 2008 13:59:56 GMT"
BF928.tif,184524.4 kb,"Mon, 03 Nov 2008 15:33:22 GMT"
BF910.tif,198640.4 kb,"Tue, 09 Sep 2008 14:45:36 GMT"
BF825.tif,205179.5 kb,"Tue, 14 Oct 2008 14:48:32 GMT"
BF148.tif,197890.7 kb,"Mon, 08 Sep 2008 16:00:36 GMT"
BF458.tif,130021.3 kb,"Thu, 13 Dec 2007 20:10:52 GMT"
BF2056.tif,130055.5 kb,"Sun, 08 Jul 2007 01:39:22 GMT"
BF453.tif,184353.1 kb,"Wed, 12 Nov 2008 19:51:40 GMT"
BF530.tif,191447.4 kb,"Mon, 15 Sep 2008 19:54:04 GMT"
BF269.tif,193279.7 kb,"Mon, 20 Oct 2008 18:01:10 GMT"
BF313.tif,190627.4 kb,"Tue, 16 Oct 2007 16:24:04 GMT"
BF412.tif,257983.7 kb,"Wed, 30 May 2007 15:47:00 GMT"
BF2058.tif,128925.3 kb,"Tue, 05 Jun 2007 14:26:42 GMT"
BF460.tif,138475.9 kb,"Mon, 22 Oct 2007 20:13:30 GMT"
BF966.tif,185955.1 kb,"Wed, 05 Dec 2007 16:55:24 GMT"
BF329.tif,185448.7 kb,"Thu, 04 Sep 2008 17:47:24 GMT"
01.09.41.tif,37441.0 kb,"Wed, 05 May 2010 14:55:55 GMT"
01.09.21.tif,41270.7 kb,"Wed, 05 May 2010 14:57:18 GMT"
01.16.16.tif,69603.8 kb,"Sat, 20 Nov 2010 13:51:31 GMT"
01.16.32.tif,43050.2 kb,"Wed, 19 May 2010 15:31:17 GMT"
A383.tif,96873.3 kb,"Fri, 29 Jul 2011 14:36:15 GMT"
01.05.15.tif,119097.5 kb,"Wed, 12 Jan 2011 19:37:32 GMT"
01.15.27.tif,114039.5 kb,"Sat, 17 Jul 2010 14:00:30 GMT"
01.23.27.tif,100756.0 kb,"Sun, 29 Aug 2010 14:46:46 GMT"
01.23.28.tif,99615.0 kb,"Sun, 29 Aug 2010 14:15:03 GMT"
BF99.tif,188400.2 kb,"Wed, 24 Oct 2007 19:03:40 GMT"
BF2035.tif,260132.5 kb,"Wed, 27 Jun 2007 21:00:20 GMT"
BF737.tif,197642.7 kb,"Mon, 18 Jun 2007 19:09:36 GMT"
BF526.tif,47114.7 kb,"Mon, 25 Jan 2010 23:48:50 GMT"
BF566.tif,93718.4 kb,"Wed, 24 Sep 2008 13:52:00 GMT"
BF2505.tif,100185.4 kb,"Tue, 30 Sep 2008 17:35:42 GMT"
BF569.tif,210897.9 kb,"Tue, 16 Oct 2007 16:27:30 GMT"
BF861.tif,165771.5 kb,"Tue, 14 Oct 2008 15:53:00 GMT"
BF1091.tif,190410.2 kb,"Mon, 05 Nov 2007 21:22:24 GMT"
BF474.tif,200746.4 kb,"Tue, 04 Dec 2007 20:23:16 GMT"
BF475.tif,197089.0 kb,"Mon, 03 Dec 2007 21:25:28 GMT"
01.18.108ab.tif,38599.4 kb,"Thu, 29 Apr 2010 18:04:44 GMT"
01.07.10.tif,64086.1 kb,"Tue, 27 Sep 2011 03:07:39 GMT"
BF507.tif,43761.5 kb,"Tue, 02 Jun 2009 17:09:13 GMT"
01.16.33.tif,85872.4 kb,"Mon, 27 Sep 2010 13:11:04 GMT"
BF2033.tif,260133.1 kb,"Wed, 27 Jun 2007 20:36:00 GMT"
BF2558.tif,7807.2 kb,"Mon, 14 Nov 2005 20:32:27 GMT"
BF985.tif,168626.6 kb,"Mon, 04 Jun 2007 16:05:02 GMT"
BF496.tif,50008.7 kb,"Tue, 26 Jan 2010 00:07:59 GMT"
BF231.tif,191940.3 kb,"Mon, 10 Nov 2008 16:44:00 GMT"
01.06.49.tif,49138.4 kb,"Thu, 27 May 2010 13:31:38 GMT"
01.15.36.tif,39079.2 kb,"Wed, 21 Apr 2010 20:30:32 GMT"
01.15.32.tif,72931.8 kb,"Mon, 11 Oct 2010 18:16:04 GMT"
01.24.25.tif,136571.3 kb,"Fri, 14 Feb 2014 20:25:14 GMT"
01.11.60.tif,90027.0 kb,"Fri, 29 Jul 2011 13:51:19 GMT"
BF166.tif,194413.2 kb,"Wed, 05 Nov 2008 19:19:10 GMT"
BF77.tif,83367.5 kb,"Mon, 11 Mar 2013 16:29:27 GMT"
BF478.tif,197831.8 kb,"Tue, 06 Nov 2007 21:56:32 GMT"
01.14.41ab.tif,28083.7 kb,"Thu, 29 Apr 2010 15:25:17 GMT"
01.15.31ab.tif,47013.1 kb,"Thu, 29 Apr 2010 15:16:30 GMT"
BF962.tif,199414.9 kb,"Wed, 17 Sep 2008 14:58:08 GMT"
BF235.tif,200498.2 kb,"Tue, 09 Sep 2008 13:42:54 GMT"
BF941.tif,206948.0 kb,"Mon, 08 Sep 2008 19:35:12 GMT"
BF939.tif,195444.6 kb,"Mon, 08 Sep 2008 15:34:26 GMT"
BF377.tif,107761.5 kb,"Wed, 29 Apr 2009 19:25:44 GMT"
BF819.tif,762695.3 kb,"Tue, 18 Dec 2007 17:36:58 GMT"
BF115.tif,207986.5 kb,"Wed, 12 Dec 2007 14:36:16 GMT"
BF793.tif,116393.7 kb,"Wed, 03 Dec 2008 13:44:00 GMT"
BF992.tif,170441.3 kb,"Wed, 12 Nov 2008 18:42:44 GMT"
BF149.tif,233247.0 kb,"Tue, 12 Jun 2007 13:21:26 GMT"
BF319.tif,152577.2 kb,"Wed, 20 Jun 2007 19:37:40 GMT"
BF359.tif,140114.3 kb,"Wed, 20 Jun 2007 20:07:36 GMT"
BF909.tif,211394.6 kb,"Thu, 20 Dec 2007 17:25:44 GMT"
BF904.tif,199527.5 kb,"Mon, 22 Oct 2007 16:25:08 GMT"
BF391.tif,182588.2 kb,"Tue, 26 Jun 2007 19:19:34 GMT"
BF104.tif,186073.4 kb,"Wed, 08 Oct 2008 12:45:18 GMT"
BF551.tif,48422.0 kb,"Fri, 10 Dec 2010 18:44:16 GMT"
BF564.tif,865948.9 kb,"Wed, 19 Dec 2007 20:08:32 GMT"
BF650.tif,48705.8 kb,"Thu, 27 May 2010 13:15:46 GMT"
BF794.tif,92874.8 kb,"Wed, 03 Dec 2008 14:32:48 GMT"
BF651.tif,44838.0 kb,"Tue, 26 Oct 2004 14:19:04 GMT"
BF984.tif,197296.6 kb,"Mon, 25 Jun 2007 20:37:22 GMT"
BF1198.tif,182306.8 kb,"Thu, 11 Sep 2008 14:16:28 GMT"
BF796.tif,142333.0 kb,"Thu, 04 Sep 2008 14:28:06 GMT"
BF1045.tif,154916.3 kb,"Tue, 02 Dec 2008 16:53:06 GMT"
01.04.48.tif,9223.9 kb,"Thu, 20 Mar 2008 20:44:32 GMT"
"2001.25.50a,b,c.tif",53467.0 kb,"Tue, 08 Jun 2010 18:41:31 GMT"
BF2012.tif,509954.6 kb,"Wed, 13 Jun 2007 16:10:26 GMT"
BF1077.tif,224094.5 kb,"Thu, 14 Jun 2007 18:25:08 GMT"
BF959.tif,139034.5 kb,"Tue, 25 Nov 2008 14:27:12 GMT"
BF2521.tif,192322.4 kb,"Tue, 14 Oct 2008 17:44:22 GMT"
BF189.tif,179086.6 kb,"Thu, 04 Sep 2008 14:03:28 GMT"
BF303.tif,188133.6 kb,"Wed, 05 Nov 2008 16:43:38 GMT"
BF581.tif,186086.8 kb,"Mon, 24 Nov 2008 20:54:56 GMT"
BF188.tif,202008.1 kb,"Tue, 09 Sep 2008 14:18:56 GMT"
BF1090.tif,199970.6 kb,"Thu, 09 Oct 2008 18:45:34 GMT"
BF44.tif,152385.9 kb,"Mon, 08 Sep 2008 16:49:18 GMT"
BF2008.tif,513372.0 kb,"Wed, 13 Jun 2007 16:16:32 GMT"
BF891.tif,102102.0 kb,"Wed, 17 Oct 2007 18:16:04 GMT"
BF849.tif,195422.4 kb,"Mon, 15 Sep 2008 15:28:06 GMT"
BF75.tif,77024.4 kb,"Tue, 09 Nov 2004 14:36:52 GMT"
BF813.tif,200775.5 kb,"Wed, 17 Sep 2008 13:32:56 GMT"
BF1069.tif,511388.3 kb,"Wed, 13 Jun 2007 16:12:46 GMT"
BF1149.tif,205016.4 kb,"Tue, 04 Nov 2008 15:21:20 GMT"
BF934.tif,106609.0 kb,"Thu, 30 Apr 2009 17:58:00 GMT"
BF190.tif,168592.5 kb,"Thu, 04 Sep 2008 14:02:08 GMT"
BF2531.tif,217616.4 kb,"Wed, 22 Oct 2008 19:19:44 GMT"
BF856.tif,189849.4 kb,"Mon, 24 Nov 2008 20:33:50 GMT"
BF497.tif,49567.8 kb,"Fri, 10 Dec 2010 18:45:59 GMT"
BF1189.tif,211151.2 kb,"Wed, 12 Nov 2008 19:09:02 GMT"
BF878.tif,193916.5 kb,"Tue, 23 Oct 2007 14:03:46 GMT"
BF2009.tif,490735.8 kb,"Wed, 13 Jun 2007 16:11:38 GMT"
BF2502.tif,88031.7 kb,"Tue, 30 Sep 2008 17:24:06 GMT"
BF717.tif,776412.8 kb,"Tue, 18 Dec 2007 15:35:52 GMT"
BF410.tif,185535.8 kb,"Tue, 14 Oct 2008 18:53:52 GMT"
BF1046.tif,99472.4 kb,"Tue, 02 Dec 2008 20:19:08 GMT"
BF1052.tif,127735.6 kb,"Tue, 02 Dec 2008 20:33:04 GMT"
BF1048.tif,119793.7 kb,"Tue, 02 Dec 2008 20:01:42 GMT"
BF2548.tif,219138.1 kb,"Mon, 10 Nov 2008 19:00:52 GMT"
BF961.tif,209936.2 kb,"Tue, 12 Jun 2007 19:16:22 GMT"
BF467.tif,142818.2 kb,"Thu, 31 May 2007 17:50:52 GMT"
BF1184.tif,191311.3 kb,"Thu, 13 Nov 2008 16:14:02 GMT"
BF582.tif,93004.7 kb,"Mon, 29 Sep 2008 18:08:32 GMT"
BF442.tif,193016.8 kb,"Mon, 20 Oct 2008 18:27:00 GMT"
BF795.tif,95817.1 kb,"Wed, 03 Dec 2008 14:51:46 GMT"
BF441.tif,55951.6 kb,"Tue, 19 Jan 2010 20:51:51 GMT"
BF430.tif,184230.9 kb,"Wed, 12 Nov 2008 15:56:36 GMT"
BF270.tif,45474.5 kb,"Fri, 10 Dec 2010 16:45:49 GMT"
BF37.tif,184672.9 kb,"Mon, 22 Apr 2013 14:51:21 GMT"
BF327.tif,75778.4 kb,"Wed, 24 Sep 2008 18:09:44 GMT"
BF578.tif,188963.5 kb,"Tue, 14 Oct 2008 18:11:58 GMT"
BF701.tif,220938.2 kb,"Tue, 12 Jun 2007 18:22:50 GMT"
BF309.tif,203956.7 kb,"Mon, 03 Nov 2008 15:00:24 GMT"
BF317.tif,60366.2 kb,"Tue, 19 Jan 2010 20:53:35 GMT"
BF892.tif,203641.5 kb,"Thu, 18 Oct 2007 15:23:50 GMT"
BF898.tif,199825.2 kb,"Mon, 22 Oct 2007 18:59:58 GMT"
BF866.tif,195073.8 kb,"Mon, 20 Oct 2008 19:10:58 GMT"
01.04.46.tif,182209.9 kb,"Wed, 03 Dec 2008 18:55:00 GMT"
BF22.tif,209665.9 kb,"Thu, 16 Oct 2008 13:46:26 GMT"
BF597.tif,218186.9 kb,"Tue, 14 Oct 2008 19:25:16 GMT"
BF73.tif,129452.0 kb,"Wed, 17 Oct 2007 19:20:18 GMT"
BF126.tif,164927.7 kb,"Mon, 26 Nov 2007 17:46:48 GMT"
BF119.tif,210770.4 kb,"Wed, 26 Nov 2008 14:51:40 GMT"
BF908.tif,194537.0 kb,"Mon, 29 Oct 2007 15:07:54 GMT"
BF129.tif,91764.6 kb,"Wed, 29 Apr 2009 19:20:32 GMT"
BF843.tif,192395.8 kb,"Wed, 17 Sep 2008 17:42:18 GMT"
BF730.tif,193652.8 kb,"Mon, 10 Nov 2008 14:39:04 GMT"
BF354.tif,170178.1 kb,"Mon, 18 Jun 2007 20:03:26 GMT"
BF12.tif,192167.3 kb,"Thu, 04 Sep 2008 13:51:08 GMT"
BF897.tif,196193.3 kb,"Tue, 16 Oct 2007 16:23:02 GMT"
BF444.tif,228552.9 kb,"Wed, 08 Oct 2008 17:53:38 GMT"
BF1054.tif,166480.8 kb,"Wed, 03 Dec 2008 16:09:12 GMT"
BF1169.tif,153958.5 kb,"Thu, 04 Sep 2008 15:46:52 GMT"
BF1156.tif,219640.8 kb,"Mon, 10 Nov 2008 19:27:30 GMT"
BF282.tif,203305.9 kb,"Thu, 14 Jun 2007 15:01:56 GMT"
BF278.tif,237762.5 kb,"Mon, 11 Jun 2007 20:32:50 GMT"
01.24.24.tif,175498.6 kb,"Mon, 08 Dec 2008 16:01:40 GMT"
BF2533.tif,203159.9 kb,"Wed, 22 Oct 2008 15:07:48 GMT"
BF847.tif,183109.2 kb,"Thu, 02 Oct 2008 14:47:44 GMT"
BF848.tif,180666.1 kb,"Thu, 02 Oct 2008 15:21:08 GMT"
BF845.tif,188366.4 kb,"Thu, 02 Oct 2008 13:49:28 GMT"
BF846.tif,187029.3 kb,"Thu, 02 Oct 2008 14:12:18 GMT"
BF57.tif,87068.5 kb,"Thu, 04 Sep 2008 13:55:52 GMT"
BF96.tif,190762.0 kb,"Thu, 04 Sep 2008 13:56:50 GMT"
BF143.tif,202454.5 kb,"Thu, 04 Dec 2008 15:59:08 GMT"
BF251.tif,190971.2 kb,"Thu, 13 Dec 2007 20:48:40 GMT"
BF707.tif,213378.5 kb,"Wed, 13 Jun 2007 16:44:48 GMT"
BF676.tif,199095.7 kb,"Tue, 28 Oct 2008 19:38:12 GMT"
BF2517.tif,213241.1 kb,"Tue, 07 Oct 2008 12:44:40 GMT"
BF1041.tif,222266.2 kb,"Wed, 13 Jun 2007 16:14:38 GMT"
BF211.tif,161229.2 kb,"Wed, 12 Dec 2007 20:37:54 GMT"
BF414.tif,81970.4 kb,"Sun, 03 Jul 2011 13:37:40 GMT"
BF25.tif,696799.2 kb,"Thu, 01 Nov 2007 16:43:38 GMT"
BF888.tif,707003.1 kb,"Mon, 05 Nov 2007 15:01:26 GMT"
BF363.tif,108899.4 kb,"Wed, 23 Jun 2010 20:41:54 GMT"
BF681.tif,182830.0 kb,"Tue, 28 Oct 2008 18:21:42 GMT"
BF1158a.tif,73183.9 kb,"Sun, 03 Jul 2011 13:21:06 GMT"
BF778.tif,191617.8 kb,"Mon, 18 Jun 2007 16:46:28 GMT"
BF2045.tif,47403.9 kb,"Tue, 26 Jan 2010 13:24:07 GMT"
BF724.tif,179474.9 kb,"Tue, 19 Jun 2007 15:37:02 GMT"
01.20.13.tif,116620.4 kb,"Thu, 24 Mar 2011 18:00:16 GMT"
01.08.31.tif,8438.2 kb,"Thu, 29 Sep 2011 00:36:56 GMT"
01.08.16.tif,64419.1 kb,"Thu, 14 Oct 2010 20:15:03 GMT"
01.08.59.tif,33511.1 kb,"Sun, 06 Jun 2010 13:51:15 GMT"
01.08.78.tif,109019.9 kb,"Wed, 10 Nov 2010 15:35:20 GMT"
01.12.30.tif,83618.2 kb,"Fri, 16 Jul 2010 13:32:13 GMT"
01.12.21.tif,85954.2 kb,"Fri, 16 Jul 2010 17:29:21 GMT"
01.05.05.tif,78595.3 kb,"Wed, 12 Jan 2011 19:24:28 GMT"
01.16.30.tif,80214.7 kb,"Thu, 14 Oct 2010 19:55:59 GMT"
01.18.12.tif,86596.0 kb,"Wed, 29 Sep 2010 13:49:14 GMT"
01.18.99.tif,82211.3 kb,"Mon, 27 Sep 2010 17:57:57 GMT"
01.06.45.tif,99209.7 kb,"Tue, 11 Jan 2011 18:51:32 GMT"
01.06.25.tif,93206.1 kb,"Tue, 11 Jan 2011 18:06:00 GMT"